month_day,East,North,Vertical,Horizontal,3DDisp,East_sd,North_sd,Vertical_sd,Horizontal_sd,3DDisp_sd
01-01,-0.2743638555424142,-0.015943301868575933,1.559739951205076,1.2952504161920328,2.3677567984572065,0.5649108960181918,0.45220462439458764,2.143570062680631,0.21257609061356497,0.2804272226953875
01-02,-0.28375334261294444,-0.012681278295091533,1.580961293872232,1.2986116376596077,2.3743201202962734,0.5668556979356962,0.4651222775307879,2.1733951705036016,0.23115758159481054,0.31588819001406115
01-03,-0.28871032968347465,-0.009245643610495995,1.6004165254282767,1.3028368245335014,2.377186550865717,0.5734314486023508,0.48449705895659995,2.221882482101855,0.25956089109849895,0.3413167856983368
01-04,-0.30368680382453517,-0.003263818685749395,1.6231264329848105,1.3122889401951312,2.382864478817704,0.5800252415382627,0.5050803542886327,2.2714410533343456,0.26246298548779134,0.35597350820863494
01-05,-0.309509111298929,0.004622172905663753,1.6355246738746776,1.3209274163079865,2.3854884925095323,0.5892734556827238,0.522531801770365,2.2574629285000785,0.2683114148547248,0.3546818576585679
01-06,-0.3025089187733228,0.014924831163743667,1.6250020814312114,1.3264215393930532,2.380979909878852,0.6054994166077744,0.539210813882887,2.2288342185785996,0.2650591522380716,0.3399042549023971
01-07,-0.28615539291438336,0.02340248942182361,1.6123436556544117,1.331529299054127,2.3794508742825236,0.5934904711150268,0.5571610759093573,2.1742685731094724,0.26583339324794436,0.3447989153371117
01-08,-0.2585602003887772,0.03195348101323695,1.6115685632109453,1.3359719389157725,2.385445011798352,0.5840468008056172,0.5960755612264858,2.1500610628375845,0.259715542256301,0.349651958575442
01-09,-0.22799000786317108,0.04313697260465039,1.6207684707674792,1.3400834778993929,2.3898214467161827,0.5853001950452965,0.640044199545592,2.17892658972614,0.2768071365245474,0.36624103396497765
01-10,-0.19306970828655529,0.05084799941490787,1.6442575805229007,1.3492610073571016,2.4000601355638205,0.5943702484574782,0.682316693690588,2.0798078706474827,0.2930436628013618,0.3734178306871911
01-11,-0.15892752794125356,0.05760742999618674,1.6330209280094308,1.3619063447078785,2.414984539469775,0.6072927018553804,0.6974620020172599,2.028098089553606,0.296758937691392,0.3812598631678853
01-12,-0.12952763349393243,0.05779193101515372,1.6286551798937365,1.3714759208063472,2.420012908079827,0.6217795572675272,0.7063450769939968,2.107175123186126,0.31960004113775303,0.3981222637027136
01-13,-0.10031669161125865,0.05471150247180877,1.6198786695091507,1.3830312578521127,2.430466312274377,0.624843621104783,0.7312128844688072,2.0972905050168222,0.334139336893984,0.3982891182819503
01-14,-0.0823814760109085,0.04380110914730789,1.5938313613234523,1.3926338321259104,2.441592073691776,0.6292739884646913,0.7497811537060962,2.0825977276985657,0.33157800728093795,0.3899112609629275
01-15,-0.06866292707722492,0.02592738248947359,1.5840407198044208,1.3948940604505606,2.441178923117459,0.6444075080816718,0.7667785765668341,2.050128057772974,0.3285366807305496,0.3995963164356165
01-16,-0.0579627114768747,0.009400322498306022,1.5483609116187225,1.3993266986083674,2.442004436276105,0.6557076952351379,0.7532136784973703,2.063764512559405,0.3143714103141753,0.38663678737002616
01-17,-0.05510176959420086,-0.008759272711705637,1.5025260679008035,1.3986078120960375,2.441789891957083,0.6583684592092559,0.7493134825006412,2.109598964887068,0.30073588016952335,0.38620943466882374
01-18,-0.04981354181354643,-0.019358105026072034,1.4554886531184423,1.3978064866160005,2.4366953202909114,0.6490947207425573,0.7530031269309654,2.204345491398997,0.2886516100116046,0.37709813155279964
01-19,-0.04746552813491142,-0.024496174444793087,1.4122695006049724,1.3987607618289895,2.438345445146254,0.625915493644607,0.7689178314271804,2.2608424654511263,0.2790591789888154,0.37362295047866717
01-20,-0.042774395224962417,-0.023525980967868995,1.373486943693727,1.3934649850072391,2.445360468214239,0.6098551117020212,0.7987218844250351,2.272011875349157,0.28295706435124734,0.3487173810860702
01-21,-0.03379586936602308,-0.01642998937645565,1.350624351250261,1.3861695091053743,2.4520708718651845,0.6037784152218694,0.7769902560540504,2.2578090091853693,0.2810696438506856,0.32322709596505017
01-22,-0.029153176840416985,-0.01185983111837568,1.3525359254734615,1.3784950552889348,2.4655115479329845,0.5895438446045382,0.7628644565295296,2.2679990975195734,0.2724976519976974,0.3037411936523619
01-23,-0.02331798431481092,0.0023986604730375618,1.3864608330299952,1.372460000374463,2.4818140397109114,0.5912901695629214,0.7627442880654631,2.319289628915364,0.2800844196692664,0.31636662755151684
01-24,-0.015515291789204754,0.016638818731117482,1.4469474072531958,1.375084008956608,2.4953602715507026,0.5991316318680343,0.7703097959534594,2.3463863654656922,0.27023558513284124,0.337997525093131
01-25,-0.009145099263598593,0.024692310322530726,1.4979756481430628,1.3830354073956581,2.5096983724369943,0.5933129037241189,0.7667791008948289,2.349071671444758,0.2606271086798412,0.33562581369217687
01-26,-0.0035665734046590814,0.03701663524727727,1.5372055556995965,1.3960616741416998,2.521159237957794,0.5819895775503453,0.7828070839003576,2.3964687379308556,0.2769905161092054,0.35648537523422996
01-27,0.0006302857876138017,0.041250126838690476,1.5266162965894636,1.4129943486524832,2.5218379891417357,0.5900037654783329,0.8059482518494925,2.461600374058339,0.2763716219620473,0.385431034258935
01-28,0.005076311646553286,0.0451411184301037,1.4769687041459973,1.4269660168301628,2.5194983497274652,0.6087333491667586,0.8151672810000619,2.5158153004418407,0.2766527236088965,0.4099428740143799
01-29,0.0093915041721595,0.05709961002151691,1.4168994450358643,1.4392843442762027,2.5129150859578155,0.6194450349917399,0.8198112507616474,2.5858632492416813,0.2752630104273804,0.42923545273232827
01-30,0.022190863364432364,0.07058310161293017,1.3297335192590647,1.4462781103408506,2.505706816711153,0.6219685200384599,0.8191539486611402,2.6198435924479715,0.27936144993752343,0.4324468037185307
01-31,0.04391022255670524,0.0943882598710101,1.242994260148932,1.4501888585749116,2.503217877235622,0.5968939715463238,0.7948455739011441,2.677143385155103,0.25393810289778534,0.40197295267978245
02-01,0.0693187484156448,0.11869925146242338,1.1578025010387991,1.4557082160146015,2.500142845774103,0.5792853239254624,0.7891093947704824,2.6956403993221403,0.24444476687195507,0.36717430646762567
02-02,0.09590227427458432,0.14265524305383676,1.0706982419286664,1.4622321287122997,2.5035877252897953,0.5534349919413805,0.7828102136755889,2.708746528485757,0.24177267292637472,0.37411018934097173
02-03,0.12023580013352375,0.1634770679785834,1.0027573161518668,1.4699114113003595,2.508595196711708,0.5586088234253409,0.7838518416739438,2.8483025571822287,0.2483735093292514,0.3953599114777264
02-04,0.13613182599246315,0.18123055956999676,0.9552122237084008,1.476500874138575,2.516428200607385,0.5631944754103085,0.768099779885655,2.9515352500619705,0.2426886342691215,0.4236723372954687
02-05,0.13774701851806923,0.19539321782807673,0.9269096312649346,1.4888887207152695,2.5329502114683424,0.5810287398239995,0.7559835606717124,3.0702634030834375,0.24650941927526865,0.45518060553647327
02-06,0.1344472110436753,0.2060608760861567,0.8953137054881352,1.500327981681955,2.548615563377747,0.5866383020782604,0.7626034837364793,3.160289850385043,0.2516265683240269,0.46694556704693374
02-07,0.12515573690261475,0.21733770101090336,0.8598152797113356,1.511007614306242,2.5585995250498494,0.5843540690615964,0.7359413414551612,3.257702499877972,0.23567136788179213,0.5008839729793123
02-08,0.11201009609488759,0.21878202593564994,0.8200785206012027,1.5212624066216562,2.5720273450404023,0.5891565905428758,0.7101743490900038,3.255215464468648,0.2495855183665794,0.5190084402605457
02-09,0.10357362195382704,0.2268263508603966,0.7742642614910697,1.5248215956541011,2.5842576451422556,0.5967463589264832,0.7005680575821475,3.34907273621945,0.2503843167831833,0.5291710472427841
02-10,0.0970838144794331,0.24022567578514326,0.7549875023809369,1.5266884775421663,2.593667625569025,0.5965361280507272,0.6847952895029229,3.4809742012760556,0.2570484333221097,0.5599635494209145
02-11,0.09438484033837259,0.2586500007098899,0.7259974099374708,1.5278482695636104,2.6074805303159168,0.5971918262555153,0.6685012331815161,3.6357492212889575,0.24805208767038825,0.5674162882914895
02-12,0.09586419953064534,0.28508765896796995,0.6843189841606712,1.5313491042008267,2.6231317135884242,0.5863458288146818,0.6576569411865383,3.6789273314618467,0.24894828196713534,0.5772898306231898
02-13,0.10242022538958478,0.3079994838927166,0.6349297250505384,1.5327653299839683,2.6375598832011016,0.5680051459351926,0.6512935224449243,3.8231763441027256,0.24941609558002834,0.6072679042549457
02-14,0.10913625124852426,0.32199547548413,0.5627137992737388,1.5380113852543036,2.660234113217156,0.5524350282328332,0.6579285115812373,3.9237106908157213,0.2696121406398118,0.642737435064671
02-15,0.1129389437741304,0.3336323004088766,0.5148412068302726,1.5448357206951837,2.687731356760262,0.5417425611837262,0.6705243921675269,4.055955712088144,0.2887194458360219,0.6696669858679951
02-16,0.11938830296640328,0.34240162533362334,0.487250281053473,1.5509507680562684,2.7115227955348953,0.5245203925115082,0.6744768561632829,4.1430524711766115,0.29934704917796434,0.6872418367161639
02-17,0.12052849549200961,0.3505942835917033,0.4677685219433401,1.559875347199344,2.736278930978166,0.5350568026833606,0.7009033334206802,4.1912448387678705,0.32250162613599265,0.7033597587388722
02-18,0.12507952135094919,0.3663169418497832,0.45816092949987386,1.567591473165653,2.750778520774956,0.5458954824088862,0.7261316078775483,4.314185190935591,0.3323821859184431,0.699235437656748
02-19,0.1295638805432221,0.3750721001078631,0.44755000372307435,1.579321849224266,2.758625030707783,0.5596237498533441,0.7601080655835226,4.361990771472375,0.33229258016547686,0.6969204089331837
02-20,0.13261823973549502,0.37903975836594317,0.4438682446129415,1.5944548432119965,2.767517022826801,0.5499365498385116,0.7893861843177727,4.460478834538911,0.3315838245895683,0.7023316780515034
02-21,0.1388934322611012,0.3821557499573565,0.42768148550280854,1.6097960014996018,2.7737169067992844,0.5630544537106604,0.8325497858103056,4.55208005359673,0.3412348059815262,0.7141022930174471
02-22,0.14215445812004082,0.3770959082154366,0.38072305972600895,1.6280083129916045,2.7781062727442842,0.5550578770392532,0.8653074240419109,4.548682804953136,0.3448032075584162,0.6975749502409974
02-23,0.14905215064564709,0.37454939980684987,0.30440463394920936,1.6450000644685177,2.7829349168985402,0.5638716755592977,0.9127618311894377,4.541293991490813,0.3670210950553476,0.6845301915449701
02-24,0.15364650983791997,0.3778512247315965,0.22884287483907648,1.6580875818304042,2.781918242304402,0.5675501748067825,0.9390570794895647,4.552207258615597,0.3928273899415696,0.6797735134091965
02-25,0.16012420236352612,0.3823897163230098,0.15605028239561036,1.669100579431879,2.772811588260437,0.5497941743885147,0.9518392091624688,4.517703165635111,0.40348875513567606,0.6761325713853129
02-26,0.17124439488913226,0.391913207914423,0.1224985232854777,1.676311917762544,2.7679287378517277,0.5627674885428846,0.9649332457527007,4.449817971024088,0.4201530512764746,0.6772267770137235
02-27,0.1819312540814051,0.4074433661725031,0.11007093084201162,1.681303335370234,2.762795472165963,0.5540589087650685,0.9880057926050744,4.419065364082392,0.45119426365130405,0.6831128240280309
02-28,0.19459419021309823,0.42020807796660575,0.10108787313195217,1.683796900496016,2.762725792771467,0.5436738006138659,1.0207038369218278,4.495653809232085,0.48734615801466247,0.7011859896282492
03-01,0.20733379301145818,0.42930278976070846,0.12085231542189262,1.6870048296047129,2.7632214182617103,0.5435245398027272,1.0449660567627947,4.486318850114885,0.5219732232892709,0.7071047576388984
03-02,0.21081422914315143,0.43453666822147785,0.1211384243784997,1.687020272124863,2.7582887000609837,0.5487679677946796,1.0197598281146645,4.418335536801852,0.5237704992921922,0.7033929285788383
03-03,0.20422049860817804,0.42697304668224717,0.1087678666684401,1.6784625136910838,2.7450961415270605,0.5568574440440485,1.0026731103229665,4.260848577471245,0.5305924343878318,0.6964466518078103
03-04,0.18986485780045104,0.41500737160699386,0.06741527422497395,1.6659657696026533,2.716521032850948,0.5285409203090738,0.9923607955928103,4.0909762732634505,0.518487144675028,0.6687248184108893
03-05,0.16783838365939063,0.39765086319840715,-0.0055598182184922185,1.6503177633167025,2.6811233446580505,0.4819405455542395,0.9874866952750792,3.8791180761037496,0.5047840381682089,0.6275695924392498
03-06,0.1495644095183302,0.3739385214564872,-0.07585907732862504,1.634155260363681,2.643170080384656,0.45570782419733297,0.9798902599087497,3.687477307399948,0.49613047879142197,0.5949102760522563
03-07,0.1372629353772697,0.3556586797145672,-0.14298416977209125,1.6191105301227418,2.6043480965091095,0.4521031864337648,0.9686139851002527,3.607203920019021,0.48238527551009164,0.5757360825412879
03-08,0.12762479456954254,0.33494300463931387,-0.19268259554889075,1.6052180354833183,2.5715595849111743,0.4267743093334231,0.9473096517829298,3.518108124719532,0.47222169582361334,0.5629269027083025
03-09,0.12173165376181538,0.31965816289739385,-0.22298935465902367,1.5892519195182246,2.546183974187203,0.4194746285423009,0.9194684549278962,3.3998004796383836,0.46556376810601496,0.5374244321045906
03-10,0.11201517962075502,0.3089916544888071,-0.2622369471024899,1.5723489041579444,2.5238523736777383,0.398522125033039,0.9151431902544047,3.3197082232168227,0.452601740340192,0.5125385900381246
03-11,0.09893953881302803,0.29414347941355373,-0.28638870621262275,1.560543293568375,2.506021621937564,0.382295817637026,0.9170840993077449,3.2768385576651458,0.45832367051078965,0.4697160388951673
03-12,0.08596389800530096,0.28325613767163366,-0.3125871319894223,1.547594855049426,2.4847063695824616,0.3639110503250442,0.9626545107714706,3.136040372369635,0.46242408459618456,0.45321341352525285
03-13,0.06638409053090719,0.2662737959297136,-0.34667472443288844,1.5365135790112758,2.4591215146405263,0.3518867405336223,0.9673678873582113,3.0076600260864335,0.4511671154511095,0.44498547348320194
03-14,0.04204928305651335,0.2467189541877936,-0.37397815020968794,1.5257501548646848,2.4301625094895245,0.3360796023040481,0.9506172881096039,2.8522494743744766,0.4325508897848058,0.41227380072819203
03-15,0.0131103089154528,0.2336741124458736,-0.3973274093198207,1.5154069799541243,2.4001433344239453,0.34241018508435733,0.9390020205381909,2.700219331501319,0.4149957691343405,0.3846763165950103
03-16,-0.015799498558941187,0.22428677070395364,-0.4346741684299535,1.5086766657802413,2.375885103978217,0.3477268377436375,0.9403733942444517,2.544709211212864,0.4112731821533892,0.3460799529290263
03-17,-0.03859430603333522,0.21820192896203375,-0.4828842608734197,1.498331661197334,2.3536087862765225,0.37194265870265747,0.9354221830839835,2.457765658853978,0.40909968333278,0.3336950891592898
03-18,-0.05380244684106261,0.21995375388678046,-0.5255635199835524,1.4904045277056812,2.337926650755907,0.41266920566874415,0.9152843872587676,2.293672062867792,0.39341490343007773,0.3156680446783541
03-19,-0.0642947543154567,0.21915807881152724,-0.580271945760352,1.479425798801237,2.3276207260132127,0.4439160592297466,0.9042645030247145,2.237605196190921,0.3884838028659227,0.3004447378321341
03-20,-0.07445206178985077,0.21151907040294066,-0.6338253715371516,1.4669945915054874,2.3223562144726104,0.45242998638738424,0.8941062603257074,2.1235642926830116,0.3860890857449335,0.29764565161064616
03-21,-0.08591103593091137,0.20666589532768737,-0.6918071306472844,1.4593911465212224,2.3247669708168006,0.4618095904986418,0.867014435449677,2.0796085170650027,0.3712595119185539,0.28468777173114274
03-22,-0.09656584340530529,0.19620522025243411,-0.7551297230907507,1.4490475958451103,2.3220545340559586,0.45231631800321315,0.8410870039718197,1.9896476488007109,0.36451083661747496,0.2825549937780701
03-23,-0.10463481754636575,0.1833037118438475,-0.8066989822008834,1.4384496254260735,2.317129758545017,0.44592401640090373,0.8146272850874016,1.9244692335185039,0.35623218516494143,0.27705768340359177
03-24,-0.11595295835409286,0.17869387010192764,-0.8504832413110164,1.4276325822429672,2.3120247245344396,0.44595467630799934,0.7890445035233854,1.9066718803419158,0.3396782583906416,0.27206746568950235
03-25,-0.12931026582848656,0.1793956950266744,-0.8818633337544826,1.4170574287785607,2.307589607888363,0.4422468832740086,0.7508909672673096,1.8883114981433706,0.32251229715063634,0.2780603338156958
03-26,-0.14366757330288032,0.18514251995142134,-0.926291759531282,1.4054842229933406,2.3102935679800196,0.44194917397586664,0.7375429689983977,1.9243861882278595,0.3329042405324833,0.28298581136428336
03-27,-0.1577182141106075,0.20176267820950153,-0.9889376853080816,1.3937062282415846,2.320584995712098,0.44797501915443594,0.7155892224050472,1.95852217374886,0.33541999771122744,0.31010240977572584
03-28,-0.16934135491833455,0.21555533646758163,-1.077798611084881,1.3794323744682175,2.3295066555037733,0.45137630302887266,0.6812012292744082,2.0706080445079036,0.3356010905221533,0.3490445789633376
03-29,-0.1810436623927283,0.22616716139232834,-1.1841237035283472,1.366673870579608,2.3407316078291234,0.4479623855512102,0.6434632741203477,2.1172515230395796,0.33018646398333495,0.39457478175180183
03-30,-0.19823180320045533,0.23641148631707493,-1.2993737959718135,1.360758646598346,2.3535058922441996,0.4445727946727634,0.6351939502278259,2.186489548182765,0.3092387174353163,0.41964443352638214
03-31,-0.22197744400818237,0.23883164457515482,-1.4280338884152795,1.3571517632972636,2.3612371555243477,0.43687517113720264,0.6210498208277154,2.2816340210877093,0.30426432821963145,0.4375509129793533
04-01,-0.24874391814924285,0.23842180283323477,-1.5348173141920791,1.3596695521365216,2.3727402272529243,0.43357628075430266,0.6292625942714265,2.3753015502043358,0.30655247751283304,0.48061998231228936
04-02,-0.27279789229030343,0.24203696109131467,-1.637401573302212,1.36689493976762,2.3895257081613153,0.44353424231664773,0.6498138141480587,2.5383482372840316,0.31479997985375296,0.5258657829558019
04-03,-0.2905260330980307,0.24715961934939468,-1.7205141657456784,1.3754065961995035,2.4076245504251075,0.45730757358304286,0.6736655907132864,2.687086553526772,0.3287070519358271,0.5660331038615468
04-04,-0.30440917390575795,0.2580089442741414,-1.7976334248558112,1.3866794207697046,2.432945473611078,0.46636702213757864,0.7066266723311064,2.8106088032034857,0.34179227179192545,0.5999128728313162
04-05,-0.31666231471348505,0.27686493586555483,-1.8975493506326107,1.3989435751677077,2.464134228510652,0.4699918329204693,0.7103464411728044,2.922968221761307,0.33660323826457206,0.6282122976320975
04-06,-0.32857795552121205,0.2938534274569683,-2.013679443076077,1.4087417255401797,2.4962511834702283,0.46994332731704463,0.7089361534968613,3.0223878457517115,0.32976433837644703,0.664551251197378
04-07,-0.34260859632893914,0.31348858571504845,-2.1362303688528765,1.4175369421974806,2.5257715796845646,0.47412758350139633,0.7083327610583267,3.096910458975607,0.30660577292128394,0.6875832508925211
04-08,-0.3570759038033329,0.32481207730646194,-2.273809627963009,1.425247193621262,2.5547010347912646,0.48269979397781665,0.7228501892877277,3.168731795801913,0.3127999312262531,0.7077694072996907
04-09,-0.36869904461105996,0.3321872355645421,-2.4015297204064754,1.4305246253948494,2.5748334256463545,0.48677006458204347,0.6950918715728628,3.1831600621619485,0.33020462790003746,0.729918972740766
04-10,-0.3804663520854538,0.33196156048928893,-2.521906479516608,1.431321152013929,2.5870837649078773,0.4761545926156088,0.6772971868849732,3.0958820605194064,0.3316103802072035,0.7288888465690578
04-11,-0.39424449289318086,0.3220517187473691,-2.626510738626741,1.4312700267588827,2.6042950543998145,0.4698447465190251,0.6473253722511755,3.0792076386312286,0.33821720081720774,0.7483402978907118
04-12,-0.40399180036757454,0.3172227103387826,-2.698629997736874,1.432825883930147,2.626373329037809,0.4604868880557993,0.6513136897166488,3.125247278579965,0.33216342223335266,0.7579513230532668
04-13,-0.41022577450863484,0.31640536859686264,-2.7390009235136734,1.4331296305969954,2.646260226029468,0.45330767379787557,0.6785681764229136,3.2141851597565254,0.3417789748052824,0.7609329536505056
04-14,-0.4098697486496952,0.31811219352160947,-2.7742735159571397,1.4353751229123137,2.6655477562181105,0.45509580334186384,0.6900280725581367,3.200115614126388,0.3381767220480894,0.7550354447266737
04-15,-0.40493122279075555,0.32350901844635616,-2.802943608400606,1.4350688426927516,2.676850124014568,0.4577519211503972,0.7005473340496763,3.1899794556335728,0.3251663103732631,0.7748902151368644
04-16,-0.3998693635984826,0.32414334337110273,-2.8476870341774054,1.4337869422859781,2.6810944975405513,0.45992133191714213,0.7141979752853205,3.0880847740045843,0.32989927824638443,0.7463185565472579
04-17,-0.3972075044062096,0.3211785016291827,-2.897748793287538,1.4321522770240762,2.6840138710057073,0.458054561937004,0.7386028327787729,3.1160516006918,0.3215393556237888,0.7559736382217684
04-18,-0.39644231188060325,0.3208219932205959,-2.938987219064338,1.4336675224137099,2.687674044789246,0.4509919745745697,0.7447768744383066,3.0445402723790087,0.32763653662388637,0.7466552527584781
04-19,-0.3965504526883302,0.32634465147867586,-2.9882298115078036,1.4391144942293084,2.6918678836048775,0.45890326660246233,0.776527644526341,3.021994462067849,0.3252596840373438,0.7400343563299936
04-20,-0.3988994268293905,0.33794147640342254,-3.032238237284603,1.441533470696852,2.6908479255723843,0.4550424393580873,0.7901084064498917,2.8761242843492627,0.33370192277681304,0.703188569480514
04-21,-0.40315090097045087,0.34705413466150253,-3.107006663061403,1.4475639393356772,2.696540620995308,0.4272117032393012,0.7840963787813702,2.7994240767880547,0.33382860986392365,0.6868716625728486
04-22,-0.40951737511151126,0.35489929291958233,-3.1983125888382022,1.4503337602448219,2.7026979472943697,0.4011888602385933,0.8013889712105524,2.7205975600672576,0.3175762476337296,0.6689209627893126
04-23,-0.4150421825859051,0.3513869511776622,-3.2963001812816684,1.4519505739648328,2.7101563440306675,0.36677385700172715,0.8307512057132423,2.675329836867873,0.33539233633827054,0.677558803790802
04-24,-0.42029699006029897,0.33828044276907543,-3.4049911070584686,1.4525061425736756,2.71708404471141,0.35368248143207837,0.8316639474250441,2.6014765612911583,0.33916728436863697,0.671079419036737
04-25,-0.4246809642013594,0.3297789343604886,-3.494213699501935,1.4530970842774904,2.7171899015805554,0.3429568757084072,0.8276364690731403,2.4962528961909976,0.3355549661074276,0.6674722204043048
04-26,-0.42954910500908666,0.32022742595190196,-3.558747125278734,1.4488814882737275,2.711943483214412,0.3314700235601893,0.8504070346426559,2.3797665663799794,0.34022235957172814,0.6551502855899546
04-27,-0.43448391248348067,0.3159184175433153,-3.6145747177222,1.443436858082706,2.7061644813606502,0.3046942661750381,0.860465197020963,2.295712218132378,0.3417849076137635,0.6292830683039361
04-28,-0.43861288662454123,0.3216435758013953,-3.654823143498999,1.4399459835454957,2.702341116779662,0.2884060957187805,0.8799605371205139,2.2611202161812325,0.3390956069106437,0.6230168762156024
04-29,-0.44232686076560185,0.32081290072614205,-3.6993915692757984,1.4314889726686468,2.704618741587067,0.2773819629402931,0.8630828404914416,2.1752237391078584,0.33391516124362414,0.6072686403611625
04-30,-0.4452250015733291,0.3213405589842221,-3.733701661719265,1.428022793421763,2.7099923118031946,0.27563948346226724,0.861419550737563,2.159942445184012,0.33575595892388094,0.5992440041005214
05-01,-0.445752309047723,0.32148655057563547,-3.768413420829398,1.4258423895402508,2.717311445714402,0.2853853655156481,0.8774781156050574,2.174469419156228,0.342777186524912,0.5980390722034987
05-02,-0.4451037831887836,0.31673754216704897,-3.7781060132728643,1.4227707860967334,2.721015897070783,0.2960502022420828,0.893161653574678,2.097789836592937,0.3679148430713677,0.5735777761128148
05-03,-0.4441010906631775,0.3164227004251291,-3.765741939049664,1.4228071043615045,2.720370088893234,0.3046194656844642,0.8776333413583204,2.131948394610041,0.3682136888251853,0.5727787711101087
05-04,-0.4389583981375713,0.3170853586832092,-3.7644153648264633,1.4180818798319728,2.721010519712847,0.32591804638988914,0.8721866307867481,2.0896337755944354,0.3763105058285415,0.5469872636676928
05-05,-0.43345653894529856,0.3193055169412893,-3.758137123936596,1.408630879556067,2.719548993358527,0.3418201967314553,0.8575697296081998,2.0001500867192403,0.3836711162440779,0.5000670995937172
05-06,-0.4271663464196924,0.32065817519936923,-3.765473883046729,1.3983929557089738,2.7205473103990974,0.3660065003355272,0.8662053429990794,1.9996435776848414,0.38598686668554727,0.4950313273197262
05-07,-0.4191111538940862,0.3170191667907825,-3.776522308823528,1.3851826224628174,2.719367211331622,0.388860863674733,0.8623724006269695,1.9691163397342437,0.39262211505831285,0.4897318123815035
05-08,-0.4135434613684801,0.3148334917155291,-3.771554067933661,1.3762496128430544,2.713620745801336,0.4112103421638007,0.8572470896842115,1.9388465577663905,0.3969738778712217,0.4869381695161648
05-09,-0.4054874355095406,0.31179114997360907,-3.7628333270437944,1.3706664011872536,2.708224740768828,0.41737404790602917,0.8805574369609155,1.9778172236225309,0.4079663539147307,0.4982946604741513
05-10,-0.3963472429839345,0.3155304748983557,-3.764900086153927,1.3645564691864365,2.706503653413984,0.44726546433339576,0.8859084262871814,2.01658311855009,0.4240337078320255,0.5148974506440601
05-11,-0.38419705045832847,0.327418966489769,-3.7908876785973935,1.3601128052167535,2.7085244973094653,0.46119069114560995,0.8840574944867631,2.0486051552191613,0.4378850275731324,0.5347027203501217
05-12,-0.37322352459938923,0.3375616247478489,-3.8510944377075265,1.3517413959628781,2.714064962071231,0.4548285844407532,0.8843331215645314,2.0793493473645777,0.4336409919761663,0.5520460602131009
05-13,-0.3664058320737833,0.34707844967259555,-3.932175363484326,1.3411218815613892,2.7238876204089655,0.45469747052009335,0.8723785794555626,2.087012853876434,0.4402274824558502,0.5726478926105563
05-14,-0.36574480621484395,0.35216610793067543,-4.0126912892611255,1.3331970174417878,2.7336077437858184,0.4490578994367293,0.8808428688642498,2.0732971378480958,0.45396537554810734,0.5826516904596927
05-15,-0.3681796136892378,0.3529145995220888,-4.098713048371259,1.3252719845602652,2.748090243888665,0.4469043997423437,0.9040964972461085,2.056850000198343,0.4524476059955603,0.5797681606746461
05-16,-0.37633358783029824,0.3556472577801688,-4.175879807481391,1.3211618878532692,2.7679679973545968,0.43470580971154027,0.9251345406173934,2.0367004114205813,0.46489793813669705,0.5876276672625307
05-17,-0.38632589530469214,0.3558090827049156,-4.250347399924857,1.3179679285510073,2.787655600655081,0.4211370687349961,0.9309897419364989,2.0221246779746798,0.47894471529108634,0.5817048705931569
05-18,-0.39060903611241937,0.35206840762966235,-4.311942492368324,1.3086784611399929,2.802062912436321,0.41627261380698577,0.9364958879678297,1.9943234330269746,0.48312879052687435,0.5721173613455739
05-19,-0.3967688435868133,0.34000189922107565,-4.346674251478457,1.2984254033082314,2.8096962684029263,0.38998175124357937,0.9075790017034361,1.962747851381369,0.4567908348993257,0.5649099618199046
05-20,-0.39675698439454066,0.3198770574791556,-4.36383351058859,1.2878901644732785,2.810086366706505,0.3563490171142465,0.8895073631067605,1.993869758047471,0.4331497552559393,0.576255586077191
05-21,-0.3943509585356012,0.29894388240390224,-4.354876103032056,1.2761051905249727,2.8042884527363374,0.34785060743006846,0.8618180613114932,1.9524711053485075,0.4259489526102225,0.5740374706322239
05-22,-0.39302576600999506,0.2782890406619821,-4.335697028808855,1.2698029873378631,2.7971574790828604,0.3304283215925715,0.8220883135287655,2.01949784417079,0.4045234009100765,0.5928887556620311
05-23,-0.3872422401510557,0.2636475322533954,-4.312624621252321,1.2621197016295613,2.789996606379976,0.33416034340157996,0.8026453223365877,2.0396401762307885,0.4001309426696379,0.5952226997717374
05-24,-0.3755545476254495,0.2526868571781419,-4.291665547029121,1.2531348938108544,2.785966683253223,0.3370508522787985,0.7749780144216891,2.066388729967566,0.38398938040281066,0.6041770758818903
05-25,-0.3573751884331768,0.2364803487695551,-4.29069897280592,1.244247612860307,2.7891747568646954,0.33543548327165745,0.7786938054222912,2.0996625780758884,0.38728611671445456,0.6041347911963484
05-26,-0.3365191625742374,0.21841634036096835,-4.31600489858272,1.2387597562943968,2.8018975143942892,0.3437930325926248,0.766397609983121,2.2447823177550204,0.38058387468813276,0.6384528580006806
05-27,-0.31646147004863123,0.20228316528571494,-4.326645824359519,1.236252089934345,2.8099161981805834,0.34666349394306706,0.7693940438343142,2.2817414827127482,0.36210335527471205,0.6491490438385834
05-28,-0.30253627752302514,0.18178665687712825,-4.339541750136319,1.2379919471128926,2.817671098121728,0.35693074516122514,0.7617493522884778,2.1994172114288473,0.35169074850666965,0.6180092009503633
05-29,-0.2920402516640856,0.1666593151352082,-4.345556009246453,1.2431091172253967,2.822075329178917,0.35135538985860065,0.7761194365880918,2.295143982470094,0.3363383685097805,0.6482370229016751
05-30,-0.28317172580514594,0.14856114005995483,-4.362783601689918,1.2415298831740422,2.8272029724031187,0.35897628576971014,0.7667165812905308,2.286694489347429,0.3218323371074631,0.6574010823480552
05-31,-0.2771781999462064,0.12718296498470139,-4.400245360800051,1.2362988330015097,2.837312770697767,0.36393854772223044,0.751472358282935,2.283006941735283,0.30515994953175163,0.6683682909844441
06-01,-0.26982384075393334,0.10715062324278127,-4.443563786576851,1.2270301615346413,2.8475564277719885,0.35311672218995455,0.717835615483538,2.2785432873638842,0.29481999204047094,0.6698253459286823
06-02,-0.26628698156166025,0.0855307815008611,-4.493970545686984,1.2094522747418983,2.855622532587463,0.3531786370363187,0.6992242765784952,2.246320650275364,0.27157785418120695,0.6704088832464385
06-03,-0.26133928903605386,0.07121010642560754,-4.4997506381304495,1.198078835440141,2.8524624333143462,0.34021824212208945,0.6831384645019437,2.2435093137880293,0.26890568677936655,0.68367954398061
06-04,-0.2522190965104475,0.05912776468368734,-4.493747397240583,1.1907849325008144,2.850570327670713,0.33583497647413707,0.6546971733264813,2.2901717483575053,0.25218754710756763,0.694312550972274
06-05,-0.24078557065150802,0.05228208960843388,-4.473590823017382,1.1853877698488025,2.8476466936471825,0.3447968206538454,0.6349745524761627,2.353883312462687,0.2379013035702588,0.7068977937882456
06-06,-0.22504454479256858,0.05058724786651378,-4.454545082127515,1.1872371877447738,2.8503257955861923,0.3531370623375393,0.6050321676113253,2.4666082231795174,0.21320680585733554,0.7313795038068744
06-07,-0.20889101893362907,0.05342407279126041,-4.455859341237647,1.1876382802360277,2.859780090251694,0.36162958926684624,0.5685807856506147,2.5593492569754637,0.19350525539934496,0.7555901316108021
06-08,-0.1967491597413562,0.06066339771600702,-4.463611933681114,1.1867596858808138,2.8682917332044244,0.36568372304269636,0.5338619981655528,2.6277296340558376,0.1882791281489578,0.7680879369939946
06-09,-0.1915506338824165,0.06684022264075365,-4.450897859457913,1.186038061948757,2.870202196398075,0.3706260275814655,0.47166592260472023,2.670337911503431,0.17588147040434637,0.7846129837945723
06-10,-0.18925710802347684,0.06380038089883361,-4.421899618568046,1.1820900127155352,2.8637674456262117,0.37652127741481917,0.446317012817301,2.7420466701322335,0.16533752168835697,0.7916692776204892
06-11,-0.18860941549787041,0.05449387249024693,-4.388589711011512,1.1795508909727528,2.8524687133935664,0.38339019829695925,0.4350849465224875,2.8333823060232133,0.1691312695902965,0.8295876018115349
06-12,-0.1832075563055974,0.04029986408166027,-4.354403136788312,1.1787874868761044,2.8411109629639695,0.3782547567313372,0.42993307771674044,2.7854428510214,0.1618350996742852,0.818397755500391
06-13,-0.16763236377999102,0.019823355673073625,-4.332193229231778,1.1787728514422882,2.8342972799006896,0.3959565843904226,0.4159238669576272,2.846921544923161,0.14738422726095618,0.8244629143309512
06-14,-0.14933967125438474,0.004841847264486969,-4.290739988341911,1.182057232037091,2.823349441270776,0.4049004849025449,0.4078332849359273,2.8152233605631527,0.1461186845441994,0.8232850884962454
06-15,-0.12827197872877855,-0.008914661144099667,-4.222479247452044,1.1835308695248374,2.8035268979769894,0.4087099951424979,0.3908362946191199,2.839707279007155,0.14222476071476317,0.8251122014476635
06-16,-0.11044345286983902,-0.02348533621935301,-4.14242683989551,1.1878591466057131,2.7807002928248923,0.40559229813928177,0.3885691949355912,2.694723390591479,0.13623760813760066,0.7887085767678438
06-17,-0.10336742701089949,-0.034173511294606336,-4.069721099005642,1.196173093390438,2.7625024518848766,0.41935694217530806,0.40428431637256645,2.627596267070347,0.149442594301532,0.7576030635482544
06-18,-0.09502473448529325,-0.040483353036526296,-4.039013691449108,1.2061052598456719,2.7606271832829887,0.43788201714970004,0.42497178598063207,2.5726155753789146,0.15854444901741693,0.7414859309642035
06-19,-0.09051370862635358,-0.044293194778446336,-4.033817950559242,1.216625914066355,2.7739155867283487,0.4804362053347392,0.4254644331256225,2.625765604514518,0.17198546027042164,0.7409714478466055
06-20,-0.08678101610074736,-0.04537553652036631,-4.035552209669374,1.2231140837169634,2.7865773105889255,0.5096408155573525,0.41277483907777823,2.6469337067074385,0.1844415135975649,0.717699792833768
06-21,-0.07840582357514123,-0.04319871159561963,-4.046504802112841,1.2257285643386562,2.7951397810455405,0.5185763559345951,0.4063147139618604,2.512360818486469,0.1801512957530796,0.6897239255959965
06-22,-0.07481479771620171,-0.04304272000420626,-4.023097394556307,1.2243515771558278,2.7930633378294254,0.5303391331207115,0.4116535841355738,2.487678673337502,0.17446578078774228,0.6910708359319958
06-23,-0.0709454385239291,-0.042575895079459476,-3.979087486999773,1.2244640562693456,2.7826278889661027,0.5344542784392659,0.4116792772794404,2.513711801942506,0.1711322217515977,0.6833070250102478
06-24,-0.07622191266498961,-0.043455736821379404,-3.9328742461099058,1.2268311091387667,2.771748650689476,0.5476688613443031,0.41525230138276614,2.5673632319749826,0.15381590838849568,0.6925619655130735
06-25,-0.08420672013938336,-0.04464474522996602,-3.8606760052200393,1.2283899759910353,2.7570430187204424,0.533302443623943,0.4412568472140113,2.451725730695886,0.12515814493036248,0.6742092587216045
06-26,-0.09519402761377722,-0.04706625363855267,-3.8013544309968386,1.2319300394512875,2.7491196274436396,0.534182614206572,0.47389869047297717,2.4091183928437054,0.11461474227492593,0.6609399782236942
06-27,-0.10364800175483765,-0.04847859538047272,-3.727481190106971,1.2287999527362379,2.7358107159418923,0.5305173331380167,0.4834961979282943,2.3531869311363662,0.10557938600048436,0.6321036227718196
06-28,-0.10129364256256485,-0.04728593712239271,-3.6202162825504374,1.2202313009144459,2.7193305008408593,0.519024370399549,0.48652162129036985,2.2029015431601944,0.09764566611521061,0.593849895153894
06-29,-0.09827178337029213,-0.03888577886431271,-3.49341054166057,1.215102224605849,2.698381350374376,0.5118830439492693,0.473113981486742,2.1364264726261397,0.0917730363538218,0.5845433768093096
06-30,-0.0878032575113527,-0.018276453939566055,-3.322565634104037,1.2143473752708616,2.6651444161868416,0.5067730433927088,0.47024728821340583,2.0386394741479466,0.10092356460186637,0.5570430477229329
07-01,-0.07639223165241332,0.001092870985180643,-3.175769059880836,1.217701814325549,2.635599037295682,0.5005988797893328,0.4848248874618883,2.035451169219793,0.11668240398807266,0.5322930087432206
07-02,-0.060279539126807356,0.014247195909927311,-3.049035818990969,1.2327919870529094,2.6136183612805324,0.48748223287265746,0.49234237508618384,2.0141150670665295,0.1285091563309336,0.519214211327547
07-03,-0.04222101326786801,0.015241520834674008,-2.945571744767769,1.2447453231233685,2.595557001716935,0.4932687264903661,0.5062077175734201,2.0185073393113115,0.12216198841839128,0.4992971150818548
07-04,-0.029630820742261973,-0.0014658209072459481,-2.864555170544568,1.2532796564666706,2.5782627438343946,0.5034029145248387,0.5116808005462563,1.9795817704894656,0.139122402205076,0.4882637517428369
07-05,-0.02234812821665586,-0.01805149598249927,-2.7606052629880344,1.262949595467534,2.561455727317373,0.4983516502604272,0.5177746093719805,1.933127870282134,0.15399095982615837,0.4672810580705313
07-06,-0.023512102357716457,-0.03143300439108592,-2.646619522098167,1.2625269898609996,2.53502225161202,0.491700306912972,0.5376207179210191,1.897406739397224,0.15897995308668536,0.43592957976576996
07-07,-0.027271909832110405,-0.04572867946633928,-2.5215346145416335,1.260740859577346,2.5041316534491296,0.49926355406897394,0.548060470234793,1.8303159134800009,0.16583109766970114,0.4034362657542299
07-08,-0.02799171730650437,-0.05774185454159263,-2.4108538736517664,1.258046487152218,2.4765957890489427,0.5367436705940638,0.5523709318641267,1.7891821510289099,0.1696162579542852,0.39255724826955923
07-09,-0.024759024780898375,-0.0754108629501794,-2.3107639660952324,1.254782521805124,2.4511770251261953,0.5696699688781014,0.5525587780567607,1.8394713417594046,0.16793592146225544,0.3874625513921366
07-10,-0.019332268793844615,-0.08369944295248477,-2.2006334911390697,1.2604420915701129,2.4368202946017474,0.5782522079861627,0.5430442387525384,1.9080816709222532,0.17116665490039806,0.3950856128223858
07-11,-0.009560092294333581,-0.08181505932966471,-2.0774161632510566,1.2715438077716106,2.4257324087017262,0.6081907495889612,0.5460567540467972,1.9513047450957683,0.17337352298832767,0.37721152538062136
07-12,-0.005837701692803243,-0.07643393860248984,-1.9219587642986011,1.290532737957999,2.4178856841359044,0.6111610253839748,0.5535671612881654,1.989244086542006,0.17945755001555114,0.384567602950013
07-13,-0.007140930322586894,-0.06711858077096024,-1.7633037942817038,1.3090836847554372,2.407554942014415,0.6274185260811713,0.5831069810641791,1.9410441623046102,0.20472675542826926,0.37295405267645637
07-14,-0.013061341645132216,-0.0655569142413572,-1.6209734872666606,1.3239708760325317,2.391506354565161,0.6252839336514406,0.6197642747262871,1.8597306514057719,0.21455195133018107,0.3482874994870028
07-15,-0.026600292711448807,-0.06708147423252482,-1.4806557954523587,1.3376938472051358,2.3837214680047474,0.6271178346805594,0.6589236023997653,1.8348094609148102,0.23746256449399794,0.3336564126444471
07-16,-0.03251591044443209,-0.06441936755702579,-1.3509672703047235,1.3444214829222187,2.372222712295917,0.6359813906834787,0.6742157327287297,1.8890453366475488,0.24736119060032968,0.33492573844802265
07-17,-0.03245736151074872,-0.056728927548193316,-1.209272911823755,1.3492208579999996,2.367451514271702,0.6335688970903546,0.6728063521762772,1.8919197131732841,0.25245088615114764,0.31132361081659293
07-18,-0.030280479243732013,-0.04360932087269414,-1.0414718866761197,1.3543615750937512,2.35713790233487,0.6415509123863926,0.6529137799777045,1.8770754036761197,0.25700410217323455,0.3057943327037452
07-19,-0.020210263643382048,-0.030760547530528214,-0.8874925281951513,1.35527789429843,2.3379699369815614,0.6481395463604508,0.6568471490359832,1.8988167185286617,0.25886246508575766,0.28613940164426793
07-20,-0.010230881376365311,-0.020900107521695657,-0.7340040030475162,1.3564545556743557,2.3205227361493934,0.6368072548665127,0.6647430761267029,1.8238161424184485,0.24842468966474873,0.26522887868169914
07-21,-0.0032264991093485956,-0.0215738341795297,-0.5886613112332143,1.3598537113006102,2.297270640663511,0.638310322680655,0.6545003332121211,1.8593146076157403,0.2493860447941673,0.2601046533858645
07-22,0.004442049824334811,-0.030383394170697117,-0.4729019527522458,1.3638995369917422,2.2825903421365554,0.6130187692173242,0.6514151491590529,1.7855706236020383,0.25111753761810357,0.25429116157309295
07-23,0.004423098758018304,-0.037867954161864587,-0.3524967609379439,1.3697769537037985,2.276355720348685,0.6177164100495321,0.6629916302281209,1.7732868507664523,0.2681680556678862,0.2410279712510315
07-24,0.006069147691701816,-0.04225584748636535,-0.23147073579030872,1.3720602744598493,2.269625850939523,0.6083282160962388,0.6551026317664315,1.824803355456629,0.2746982075738967,0.2488336578912267
07-25,0.006294363292052064,-0.046088740810866134,-0.11079804397600693,1.3746630859949136,2.2641155626057063,0.6334944686953558,0.6492488136498467,1.7490156723006594,0.2819530620264341,0.25489133639637535
07-26,0.010215412225735649,-0.05184080080203362,0.006914647838294846,1.3719673087971525,2.258349232359138,0.6440199803411308,0.6397508005071801,1.673507134726141,0.29903809311195007,0.26443277637861884
07-27,0.017858961159419172,-0.06719369412653435,0.11675233965259661,1.3710834891420018,2.2530049490856916,0.6340659371399868,0.6412685204958083,1.6415282616422706,0.31157145748185466,0.2408421376445825
07-28,0.02192334342643601,-0.08722158745103512,0.21599336480023176,1.3726653338196768,2.2447007454294443,0.643490464223689,0.6493333747804048,1.6235500706782355,0.3110346253188916,0.2516030384563507
07-29,0.026771892360119384,-0.10941114744220251,0.31443105661453363,1.3774855133135047,2.2402773125296784,0.6374591220765214,0.6370665485454686,1.5669978938433917,0.3205363124658266,0.27965278124225695
07-30,0.027658671421917115,-0.1355973623604219,0.41684473249513143,1.3831142474571907,2.241656740058141,0.6416260026817908,0.6697688198523649,1.5481553153718737,0.3406108628834046,0.29839742261008084
07-31,0.026836077406610148,-0.15634105379941193,0.5470645431749876,1.3872137076847706,2.2463191636791198,0.6423350725033615,0.6750034008181163,1.6345343089602502,0.3712602799142562,0.31126016520986527
08-01,0.022503276980865145,-0.17466222175917256,0.6925204886541023,1.3905322700877136,2.2575974407718307,0.6488991197930254,0.6467729300035016,1.6728919237099031,0.3697325855415296,0.3460852391326581
08-02,0.014871936811348878,-0.18854086623970379,0.8263534022658087,1.392975576796965,2.2754915918247414,0.6347295872454842,0.6170125811660527,1.687504590610177,0.3699559454934038,0.34973311257642287
08-03,0.00949632676994697,-0.19403866564728708,0.9710197999438109,1.4000715241364314,2.290868948332597,0.6261453359816417,0.6109619197480087,1.763382870278634,0.37959464307842417,0.3477358976695699
08-04,0.011724050061878464,-0.20540396505487038,1.0555745309551465,1.4083004121636646,2.310048391045588,0.6206064702068661,0.6211657079735451,1.776359940048718,0.38732242409643686,0.3366509648478786
08-05,0.02234427335381,-0.21889009779578703,1.1270884286331488,1.4256093157906506,2.3329721885920565,0.641875409687531,0.6105864168056067,1.991498854237974,0.39138815903585494,0.2971071663635915
08-06,0.04022449664574146,-0.22812623053670358,1.1916856596444845,1.4475112825816772,2.354101990097193,0.6640746988894767,0.6054075372566887,1.9734130252362614,0.40646011104289603,0.32495444310314014
08-07,0.059309719937672825,-0.23756569661095348,1.24624039065582,1.4663547818300915,2.3747481934019237,0.674409097108327,0.607466497434798,1.951203804895843,0.42266649400173606,0.326656865748986
08-08,0.0747457765629375,-0.2341234960185366,1.3042417883338224,1.4838173410480597,2.393257926159755,0.6436223377693565,0.6010677524543526,1.9623760160690997,0.408231104383387,0.3048080123247638
08-09,0.08494776972675445,-0.2326233904990678,1.361244285278862,1.4894034329981936,2.4096412075441687,0.64247004467048,0.6120600101405634,2.0036103334014608,0.39777805291020046,0.29556103182280413
08-10,0.09102267571144759,-0.24247041527139113,1.426503262625385,1.4857735125230613,2.4281742978851852,0.6297715326259657,0.5936218575800617,2.0764565891052644,0.3894190276858058,0.300452012384125
08-11,0.09838153426078809,-0.2544608438147359,1.4838063355741324,1.4726778014009925,2.4433534184702124,0.6243918356740471,0.5701425235681747,2.1864413094609723,0.3605838042132505,0.3056378793833879
08-12,0.10787017870810925,-0.2666788427957688,1.558919337458438,1.4577932934793414,2.4565773078950044,0.5952961970820126,0.546911827314473,2.2180152771150006,0.33992843295288,0.30294799323879534
08-13,0.12424933918152539,-0.2724606504748751,1.639253669011264,1.4458194626983565,2.4708913197439326,0.5753859564207768,0.5573304763648994,2.384373093645941,0.3483497062477215,0.30361749218929845
08-14,0.14612453939871284,-0.2755653982998775,1.710873949098165,1.4353521522691013,2.4811783831995444,0.5597724677358086,0.5739982672399159,2.3968789515848683,0.3277548424571166,0.30391665309545174
08-15,0.16294223961590032,-0.2788509794582132,1.7795400625183992,1.434932820745129,2.4963705877360614,0.5511808420474402,0.5741692353844675,2.3804598854336168,0.30330244590021005,0.3109882883753109
08-16,0.18113160649975446,-0.2883515606165489,1.8706086759386336,1.4390533833692236,2.508937906892626,0.5648703009571544,0.582030084219874,2.3881781803658217,0.29190350843524104,0.34012613283479476
08-17,0.1971051400502753,-0.3067596417748847,1.9665256226922012,1.4421778826783203,2.522753526875026,0.5553398729100472,0.5893555833452739,2.4326547427275234,0.2769487680157255,0.35103472979589306
08-18,0.21172867360079606,-0.3212977229332205,2.0837242361124355,1.4489808396114736,2.541483252966793,0.5694988120420752,0.612728314032764,2.4547034688402185,0.26750210498127464,0.36174883338744934
08-19,0.23174554048465013,-0.3312241374248897,2.21573784953267,1.4568633980963583,2.5695125051432743,0.5748184470369538,0.6029981155726243,2.430335366865399,0.27975329928509135,0.3911006381594751
08-20,0.25172657403517085,-0.33643055191655896,2.336844796286237,1.4612786678153569,2.6038110564809167,0.5869753289150988,0.6132911389353317,2.4394162265446844,0.29301799201977047,0.3836261358639803
08-21,0.26878760758569165,-0.3336619664082282,2.448435076373138,1.469344858518343,2.6401628270929822,0.6053078037981071,0.6227745547656741,2.469103743958821,0.2890062209256747,0.4076047336695529
08-22,0.2856361411362125,-0.33283838089989737,2.5289278564600393,1.4704691093731221,2.6687028030772066,0.6129294930841761,0.6258534788085965,2.5402813334162704,0.28163659557987913,0.43275248219022816
08-23,0.3023588413534,-0.32785729539156655,2.614968969880273,1.4719626295448545,2.6930668873181407,0.635506335173901,0.6181745294825605,2.483927593351283,0.2805224959997014,0.39933138467128504
08-24,0.32074154157058754,-0.3212637098832357,2.694832583300508,1.474252611177756,2.7135686512737958,0.6451701739408424,0.6249959468683214,2.5131591525734316,0.2857949128903841,0.4160031484653498
08-25,0.33813924178777505,-0.3132426243749047,2.7786778633874087,1.4758216616709303,2.729815898196799,0.6510839912849222,0.6275214424879311,2.5665721488052253,0.2899023980667313,0.4220821058308749
08-26,0.3537586086716292,-0.29719487219990715,2.867937310140976,1.4803978903184198,2.748138884746633,0.6521086263351763,0.6364478703017321,2.5647782970433286,0.2908026543713727,0.4340078773544857
08-27,0.3655013088888167,-0.28648128669157613,2.9379209235612107,1.481794641875759,2.7634469436976383,0.6607245961167251,0.6605818917116926,2.5423626551088527,0.27943562731896227,0.4400416710802192
08-28,0.3750998424393376,-0.2797668678499118,2.999482036981445,1.4784220934938368,2.7751371138163323,0.6614160407374212,0.6730323112909861,2.6448940498511173,0.2813754931387153,0.4845387826997722
08-29,0.38490264586174416,-0.27536079408119557,3.0354629996687166,1.4713105194959473,2.7827129210205177,0.6558222785279545,0.6384675901250834,2.6594374311831857,0.2813409676954031,0.4920351844325327
08-30,0.3958973223612553,-0.2776539104583754,3.0484869942233965,1.4680840104521153,2.7864396880853577,0.6508271064969567,0.6343312881605542,2.6821681681711094,0.26719754373577015,0.49317482205333907
08-31,0.4090172052712045,-0.2833387169814514,3.0370156873121514,1.4664432766821116,2.783611030933316,0.6703501537964589,0.6344840625087469,2.666484125843566,0.26718136814675125,0.5036655982671732
09-01,0.4174647945915917,-0.29297938031709025,3.0154699122683146,1.4673515682429363,2.7794045204205706,0.6875223622033424,0.6365742137636345,2.63688760461351,0.2824461195740426,0.5141145375790508
09-02,0.423200820450531,-0.3017775553923437,2.9768689864915148,1.4640979020469438,2.7683785734393984,0.7008724183625141,0.6215698276527483,2.562699153448476,0.3000956404795707,0.5111896766919254
09-03,0.4249035129761371,-0.3058748971342638,2.983775560714715,1.454866243759357,2.7483240320505717,0.6709292457873789,0.618344972704536,2.514098920633147,0.3102851464940923,0.5059476140688284
09-04,0.4240787055017432,-0.30657890554285055,3.002338801604582,1.4389540902926345,2.7288298988401385,0.6412500340871482,0.6176797142609121,2.439740170403308,0.3099549629150682,0.5536700517749469
09-05,0.42227723136068274,-0.30805041395143723,3.0390103758277824,1.4189512503382908,2.710723211647531,0.624748935791957,0.6186939146856533,2.4394150442246785,0.3274358860104092,0.5617559008188165
09-06,0.4185607572196224,-0.30662692236002403,3.1311561167176496,1.405928335196415,2.702591856775781,0.6126417992507763,0.5891761164600149,2.472567609626759,0.32420828167205606,0.5842728422529717
09-07,0.4188401164118952,-0.3087550974352775,3.2243810242741837,1.3995092904521966,2.706582067083214,0.6287484656364308,0.5925533241166612,2.3570889398954233,0.3329200254862577,0.5497555049966493
09-08,0.4207028089375015,-0.31470577251053095,3.315135931830717,1.401617978074775,2.708986922370188,0.6145268072616599,0.5886525772705543,2.360329235910545,0.33150213201119366,0.5591372355120404
09-09,0.4271521681297743,-0.312768114252451,3.3838866727205845,1.410223978076917,2.7027468994664177,0.6093390223954758,0.5890775421661307,2.319365103058764,0.3262244388792554,0.5494212690616742
09-10,0.44323736065538055,-0.31151628932770437,3.403461580277118,1.4238172966499199,2.6899208115745266,0.6090363697633271,0.6025941822667097,2.274473370341072,0.35132223770004867,0.5346715491186224
09-11,0.4570092198476534,-0.304450297736291,3.3963656545003187,1.4331993248769463,2.6699793169596093,0.6087280972700652,0.6135199520750035,2.2186577571561603,0.36722810018264773,0.5192361241760726
09-12,0.47121524570659307,-0.29740513947821107,3.3653613953901855,1.4391437653707662,2.6522860868921065,0.6084867923125895,0.6034716475882033,2.111167707638006,0.3702872657825148,0.512309007951042
09-13,0.4867554382321994,-0.28643831455346447,3.322572136280052,1.4448952769623138,2.640014305337763,0.6135837729466603,0.5790202101481092,2.0477560240178976,0.35672723804192774,0.4838662462048277
09-14,0.4988072974244724,-0.27970648962871786,3.2844412105032523,1.4457541575610695,2.633791964504452,0.6184960933677145,0.5847569593858841,2.010080901745482,0.3666139202627503,0.4712058505618656
09-15,0.5090416566167454,-0.28074383137063796,3.195262784726453,1.445984360248488,2.626629500026072,0.6172272051522464,0.5940587666775002,2.041673720587181,0.35462452818878654,0.46447169612782074
09-16,0.5170651824756849,-0.2769853397792246,3.110096858949653,1.443948721190353,2.615047961139666,0.6175284903188915,0.6114898835502136,1.9830237638962214,0.35406569583729286,0.45593972603330385
09-17,0.5179620416679577,-0.2779618481878112,3.033120099839521,1.4395056368837473,2.601467427558845,0.6070256331334638,0.6323611098299169,1.946279166959908,0.3510085400528286,0.43833280135379865
09-18,0.5146189008602305,-0.2757683565963978,2.946352507396055,1.4355132890812328,2.5795099925865177,0.6068810508199177,0.6471651454894664,1.8371824352996176,0.3534936108073043,0.4238133316095546
09-19,0.5074082600525035,-0.2701131983383177,2.890853248285922,1.4349833449738925,2.5631596478280416,0.60178264191218,0.6520411204330535,1.6987332079171094,0.3597568083267778,0.39166541598024524
09-20,0.5040567859114431,-0.26029470674690425,2.8338389891757894,1.4372871561564535,2.5488779589230894,0.600355754440839,0.6716961725077182,1.6084257713353183,0.3542487274109406,0.3646065750910556
09-21,0.5017194784370492,-0.24653454848882422,2.783031396732323,1.443433707736761,2.5465937534886973,0.6001865853343464,0.7088966488427254,1.47050128518423,0.36164652429059047,0.35579268644645823
09-22,0.4965138376293221,-0.2370885568974109,2.7210321376221898,1.4500226342498221,2.544816526710272,0.612685144368411,0.7296674305885164,1.4655347727960841,0.37385743012997696,0.3745819105898853
09-23,0.49048236348826146,-0.22407589863933092,2.6442612118453903,1.4547695069673132,2.5456564052315223,0.6307960899191732,0.7300054296670614,1.4875744195387233,0.3702879163209508,0.35533527670325443
09-24,0.482364222680534,-0.21329990704791776,2.567216119401924,1.4599093055725396,2.54605779906877,0.6321351929202781,0.7275823192374119,1.5261070047712395,0.350589734972305,0.3678825538819272
09-25,0.47637191520614003,-0.20560308212317124,2.4698193602917913,1.462939160371656,2.5370737776943275,0.6290516154285823,0.723192671375511,1.5926625623458392,0.34297958383312965,0.34190114593578486
09-26,0.471767107731746,-0.19580959053175803,2.3684584345149915,1.465560191579432,2.5326917584589976,0.6397186774739095,0.7196275188268425,1.687267082487599,0.34751457687044746,0.3195473211867001
09-27,0.47094313359068546,-0.18681526560701156,2.271555008738192,1.4659968646595547,2.524628653361541,0.6333485620403045,0.7156244387034333,1.8089896653973652,0.3393919529873128,0.2714634783114704
09-28,0.47029582611629167,-0.1828267740155983,2.1931532496280592,1.4641877195244464,2.518593547747244,0.6543640889909317,0.7404979068215214,1.8523354750873853,0.3588944706546979,0.2287577364495452
09-29,0.46447101864189777,-0.17961911575751843,2.1413164905179265,1.4591209566507908,2.5169921693473736,0.6571813470079795,0.7317532416776696,1.9132580979626679,0.3753843101602808,0.22750993754537774
09-30,0.45846121116750405,-0.17209395749943845,2.107934731407793,1.4472540611313363,2.5177536739822277,0.6329200912843276,0.7359016474524881,2.0388870924212594,0.3493637625360856,0.23138351682323638
10-01,0.45562390369311023,-0.16309046590802498,2.090209638964327,1.4350594797414375,2.5218929368037113,0.6295678577586382,0.7298060727741207,2.0994645380893684,0.3368338420078082,0.25201216571268237
10-02,0.45400909621871643,-0.15612530764994492,2.073962879854194,1.4268676772595796,2.532248576125947,0.6325508165848158,0.7294609198858515,2.1769022864676475,0.3377156134163888,0.2498229033458904
10-03,0.4539284554109894,-0.14721264939186485,2.0488602874107276,1.4219964078536167,2.5420810443730097,0.6365525402700405,0.7305749127757396,2.352148249757368,0.3365575805691172,0.2528078165807548
10-04,0.45543948126992895,-0.14078249113378483,2.035156028300595,1.4253060670801374,2.5562900218816798,0.6210776437206835,0.7224174852783096,2.4942778628766136,0.3276627239079549,0.2462193436071369
10-05,0.453124673795535,-0.13332899954237157,2.025335935857129,1.4324942940119403,2.5739581200235424,0.605288267266632,0.7228632669742431,2.638599537173029,0.32608340542857295,0.24091940675175177
10-06,0.4483106996544744,-0.1265655079509583,1.9965408434136627,1.437400778533391,2.5820309693159835,0.5943274193612034,0.7547483835200095,2.733077262106229,0.315233998137087,0.24006938640423423
10-07,0.44251089218008044,-0.1282003496928783,1.9649124176368633,1.4414935478455124,2.586739504882925,0.5862344089190962,0.7565016133263628,2.7800048124848953,0.30293952427776755,0.22184059233750647
10-08,0.4306885847056865,-0.127964358101465,1.9300981585267305,1.442399769903535,2.58643205032324,0.5922135502798118,0.7499724347277503,2.8433585252223184,0.28418120484479475,0.1986207122493966
10-09,0.41538211056462593,-0.13104836651005172,1.8965522327499311,1.4411562417428243,2.583021153236469,0.600004378918083,0.7386269048634408,2.9265951351157886,0.2774874936740673,0.19058113633006363
10-10,0.39113563642356525,-0.13136570825197172,1.8826546403064648,1.4385841537540356,2.5876772305587212,0.5961143564319571,0.7378168530358862,2.9422273776506227,0.27263806720562483,0.17149448818544089
10-11,0.3641124956158379,-0.13107638332722507,1.8748095478629985,1.4366101822176982,2.597749247247955,0.5988734094971677,0.7098499236953087,3.00314097751084,0.27864116758458435,0.17029348326674437
10-12,0.3396526881414439,-0.13292455840247835,1.8723344554195325,1.4375450071161577,2.610726417846152,0.597209661698548,0.7061426592844119,3.0312430471133895,0.2706936034978342,0.17299731686230607
10-13,0.3158987140003831,-0.13674606681106494,1.8632076963093995,1.4402491276711482,2.6201220119240096,0.5847250567331002,0.7034612713316384,3.036576862472145,0.26436364731153905,0.1867564569439871
10-14,0.29904223985932243,-0.13607174188631826,1.8519884371992668,1.4431364352653098,2.6271198574906665,0.5618949696930906,0.7154402101882069,3.0023119043187365,0.2466285555986856,0.1829847100712309
10-15,0.2812265990515952,-0.12541908362823825,1.8581075114224672,1.444829003317874,2.627260732585011,0.55438338983459,0.7141871418063422,3.0822411630738964,0.2545013485168969,0.2060476943689306
10-16,0.26047595824386804,-0.1124005920368249,1.860877418979001,1.444249651898226,2.621651981259486,0.5383732920258674,0.7264242452070464,3.09426759412747,0.2451510627808787,0.21621645983351243
10-17,0.23680615076947426,-0.09811626711207828,1.8701031598688682,1.4435466422043879,2.6191803683295016,0.5212559474547804,0.7359538616119998,3.0743538487028905,0.24895305030365983,0.21580541287241436
10-18,0.20699050996174714,-0.08812444218733166,1.8808655674254022,1.4412115199230433,2.6175052964977197,0.510929207240196,0.7183469787465824,3.0973364679803614,0.22692154769170733,0.22851738733826735
10-19,0.18257153582068658,-0.07835095059591836,1.8729854749819357,1.4376998235114518,2.6147412026885517,0.5011923869826845,0.7232769207465372,3.150861417610891,0.21783849308394865,0.2270555476472271
10-20,0.15950339501295938,-0.07557495900450507,1.8812003825384696,1.4332115197145656,2.6136373585948727,0.4883395483773623,0.7385819205990313,3.164208448672145,0.21605697485922626,0.23775695460165258
10-21,0.13833858753856557,-0.07492646741309181,1.9000911234283366,1.430698175476598,2.6082729740403354,0.4834158687934915,0.7404618764684515,3.1819847776473416,0.222206271290365,0.2414925302327543
10-22,0.12236628006417166,-0.07852297582167846,1.9258960309848705,1.4338604913019606,2.605683053037158,0.4706134450635466,0.7635737489735923,3.1912939194484067,0.22332470209926306,0.2781915670242352
10-23,0.10618313925644453,-0.09241365089693178,1.9738809385414045,1.4421445393654022,2.60372857474485,0.4916075982574593,0.7922824406897494,3.2614285540778956,0.22866756922054546,0.2890049440156079
10-24,0.08584499844871743,-0.10884682597218508,2.0146258460979385,1.4551998620372844,2.608593972682635,0.4897117773796502,0.8321674639173166,3.3257627739340982,0.24485230201151886,0.30711096071779637
10-25,0.06505685764099031,-0.12811166771410507,2.0486799203211388,1.4653068835337337,2.6176023823370005,0.5090054806806138,0.8644398795176194,3.381659105722859,0.25193495785012565,0.3107707351349672
10-26,0.042878716833263185,-0.14435234278935843,2.084065661211006,1.4758591186472543,2.620723418665625,0.5096804960205359,0.8877098031530907,3.395080191912072,0.2562178556847382,0.31441418590882386
10-27,0.017683076025535933,-0.15657968453127838,2.0998180687675396,1.4865720891762075,2.625649011869952,0.5394797939664757,0.9223223904641805,3.3632998301177404,0.26524983249366274,0.327913186662343
10-28,0.0005916018844752454,-0.1598653596065317,2.094586309657407,1.4982657902674923,2.6211987254512534,0.5458467323530163,0.9400207024445859,3.2994611864979926,0.2551295356592006,0.3026476018720172
10-29,-0.003399872256585385,-0.1609677013484516,2.0581553838806075,1.5166871169081175,2.608845013922911,0.5628495864009733,0.9729204368720752,3.314590984970257,0.24754862151290344,0.3246170129210715
10-30,-0.0016663463976459908,-0.15335254309037147,2.0128436247704746,1.5341354123502269,2.593442211791179,0.584624185600227,0.97453796066404,3.180585026261573,0.23220420892584093,0.3468054751660395
10-31,0.004004679461293459,-0.14057071816562478,1.967395198993675,1.5466746168659875,2.5756406092133934,0.5788573171720811,0.9815142080909669,3.107924561111744,0.2119231290226593,0.3573385368355004
11-01,0.0064807053202329875,-0.12681722657421146,1.9298992732168752,1.5554610452279127,2.5658806324329104,0.5760926093962958,0.984629180948147,3.06266544764587,0.20557146556640066,0.3645940910791994
11-02,-7.243548749420389e-05,-0.11089706831613144,1.9089716807734092,1.557112243786696,2.561976919218082,0.5828181434560897,0.9968013303490083,3.1434981928215424,0.20515217282665624,0.38475021350362903
11-03,-0.010614742961888034,-0.10055024339138477,1.8682032549966094,1.5553789531859028,2.5575484072591474,0.6138952858115257,1.003003520981381,3.165763063999523,0.23044644150077928,0.39434315421907573
11-04,-0.019017883769615197,-0.09813175179997133,1.8144998292198102,1.5522931708967818,2.551628415148354,0.6223953927630537,1.003601890883145,3.122001462712533,0.23063590508155202,0.3795697282644712
11-05,-0.026014357910675696,-0.10128492687522453,1.7680972367763441,1.5476370335250274,2.543620436816771,0.650390014204455,0.9958487560431886,3.0888526700744383,0.24862370071704562,0.3687664991376783
11-06,-0.03900083205173614,-0.10418726861714442,1.7042213109995445,1.541263373388771,2.5340534566379427,0.6637302718820748,0.9812581706768239,3.124701762564499,0.24940913125667274,0.3833537522470086
11-07,-0.048982306192796615,-0.10890044369239765,1.6272612185560784,1.5382558275518403,2.527274908748468,0.6663963237507986,0.954376183915507,3.0926612491140193,0.24688849346723724,0.36993084525509945
11-08,-0.06461211366719043,-0.11247278543431755,1.5518044594459455,1.5385517208193416,2.5254064539784027,0.6718416462553082,0.9470771433135629,3.1163802321248304,0.2566949804889319,0.3791160727972251
11-09,-0.07973275447491752,-0.11644012717623756,1.4694568670024792,1.5380043962647139,2.5194871930018543,0.684112037465001,0.929342867778651,3.162282139764339,0.24761438930235488,0.3861498853832513
11-10,-0.08825339528264461,-0.12215330225149097,1.4074626078923462,1.5411859288733187,2.5151160364541636,0.697078231373616,0.9164299363796754,3.196922252603712,0.2532879276038501,0.40756537652087194
11-11,-0.09982820275703828,-0.12804981066007776,1.3825533487822135,1.5393764206738676,2.5096678097008276,0.7165933362364026,0.9062454383342992,3.2341383668741446,0.25977243391427757,0.4327168871169365
11-12,-0.11035301023143193,-0.13449881906866457,1.3792249230054137,1.5299559191060312,2.5053608948209893,0.7259056192645524,0.8830609760178384,3.2142195294298395,0.2532696729713241,0.43590608357026084
11-13,-0.11926781770582565,-0.14115616081058457,1.380693997228614,1.5169707997398385,2.500726580360312,0.7106639779713995,0.8641172482823418,3.258344868851363,0.25315050454761506,0.4446094779477356
11-14,-0.12242179184688612,-0.1486576692191712,1.387523904785148,1.4999334506095892,2.501606561276881,0.7017198197366569,0.8485039241919266,3.2343237896937147,0.24617455195399823,0.45140188042228674
11-15,-0.11599159932127998,-0.15860084429442445,1.3894554790083486,1.4840567800122684,2.510002103764973,0.7030745753041591,0.8272675806886942,3.2257108635892124,0.23590987262885715,0.43941739190329243
11-16,-0.10266390679567382,-0.166999852703011,1.3771837198982155,1.4704702487250543,2.513941477074987,0.7270059263820665,0.8057232002130919,3.285991812121708,0.2441067425784288,0.442441212544846
11-17,-0.08532871427006766,-0.1737580277782641,1.3506036274547495,1.4604210578564434,2.51718376596915,0.7160302484346153,0.7710732715895114,3.223624192693802,0.23350756214558632,0.4340830398223234
11-18,-0.07414768841112808,-0.18320620285351724,1.3276418683446167,1.4517809506382857,2.5155786987178237,0.7116603124765464,0.740494839764827,3.2295608936925615,0.22846939072397834,0.4326882316397628
11-19,-0.06836999588552196,-0.19046854459543708,1.2847201092344838,1.4444152720020567,2.511017000800911,0.712969191517009,0.6885007599742102,3.259182320061703,0.21754327495492903,0.43509239317598225
11-20,-0.06317730335991587,-0.19937671967069026,1.231198350124351,1.4388079100308404,2.50477763462016,0.7046688769755737,0.6539063723418612,3.287842846757611,0.19697523514957577,0.4335390129846543
11-21,-0.05843211083430977,-0.20826322807927683,1.1852699243475515,1.4290370764462739,2.494605833061878,0.71851746446466,0.6136673952095192,3.2639879615990535,0.20731510550873428,0.4344207669795503
11-22,-0.05116108497537039,-0.2115055698211967,1.1344364985707518,1.415713834567172,2.479847021731052,0.7238511949936847,0.5669888397051644,3.1755429797350416,0.21966348715592632,0.4218540083401103
11-23,-0.039411725783097595,-0.21229207822978322,1.0950872394606188,1.3999429153376655,2.4552053437980823,0.7328824923738801,0.5167560776471224,3.099725504605103,0.23216536936739698,0.3873372671896691
11-24,-0.026187366590824775,-0.2098419199717031,1.0688429803504862,1.3924731366784753,2.4333287734838973,0.7389214801545695,0.4892600686685566,2.958643525744976,0.22904257382417878,0.3508458666224385
11-25,-0.009680507398551925,-0.2089259283802897,1.0552262212403531,1.3915143653173279,2.4208688231264532,0.7533358925716939,0.4631974457742638,2.831989818052705,0.2534946593590555,0.33689359196073515
11-26,0.00888051846038771,-0.20758327012220973,1.051183628796887,1.3928224217812966,2.4182463960605327,0.7359319506647585,0.43917786767573325,2.8730924116949907,0.2672872013425513,0.34629535370412134
11-27,0.019659044319327294,-0.20957311186412975,1.0623768696867542,1.395058806939341,2.4247594309809397,0.7159439123859739,0.42418445141681754,2.9531600273715326,0.2484190201703619,0.3486374534729238
11-28,0.018165070178266907,-0.21179128693938318,1.1009859439099547,1.3886248092454834,2.436477450047324,0.6921670839199067,0.4303347708852978,2.913609645527578,0.2310625153895599,0.33354436663080256
11-29,0.006981096037206478,-0.21832446201463654,1.1469616847998219,1.3802823884499706,2.447120173499336,0.7232779780380696,0.429859544831254,2.8996341441776137,0.2306240985251593,0.30974424442606746
11-30,-0.007524544770520683,-0.22767430375655662,1.1960265923563556,1.3745784454829297,2.454027573555297,0.7336157045017224,0.4382212482032313,2.875963563403345,0.23629245715474995,0.32386608191263294
12-01,-0.018543518911581146,-0.23675747883180986,1.2569264999128893,1.3662421051421414,2.457733986686195,0.7272076229438789,0.4481470262795896,2.8661421460833965,0.23477010895302775,0.30730269898357737
12-02,-0.019739993052641677,-0.24938982057372988,1.2970880741360897,1.358532210231382,2.4583609926488337,0.7099985107208965,0.4273767046918759,2.7857997936855945,0.23239737426516222,0.3054398085567229
12-03,-0.016606467193702176,-0.2580021623156499,1.335911315025957,1.349237307199457,2.458559419709875,0.6844960147903897,0.4263853568157304,2.701449831374099,0.22884029582400087,0.3070632667282007
12-04,-0.013183774668096036,-0.2640428373909032,1.364857055915824,1.3382077973075743,2.458824510770148,0.6593964498879396,0.43422128204158966,2.649563050718101,0.21945099058378847,0.30450119227539046
12-05,-0.007166082142489835,-0.2636043457994899,1.3735077968056912,1.332109411138497,2.462146405297965,0.64012207663776,0.4341419336102916,2.659381764995691,0.20003857040319795,0.3103121648471505
12-06,0.003157443716449727,-0.2583491875414098,1.4026785376955586,1.3261868403960164,2.464746196442093,0.6303363084613877,0.426812323380309,2.6668974144681132,0.19232554800909013,0.29180322341889486
12-07,0.015759302908722565,-0.25206902928332975,1.4462051119187591,1.3192058546436796,2.465540122159027,0.6286577872025401,0.4307367648932032,2.709190738816407,0.20568633540981812,0.29449560930221264
12-08,0.028186162100995425,-0.23909637102524975,1.507105019475293,1.308990919672266,2.466161937461962,0.6289178367816042,0.44369140022715786,2.6451878046823443,0.22371096749754624,0.2778342287448657
12-09,0.033929687959934916,-0.2267487127671698,1.5690857603651602,1.2986723467722858,2.464962659068246,0.6411132403371543,0.4633351680539154,2.6287263726547327,0.23541606377279992,0.2701768136960002
12-10,0.0338390471522077,-0.2117577211757565,1.613675667921694,1.2890765848824417,2.46423670290304,0.642982636739316,0.4705047486776761,2.601239047617824,0.23090207996917642,0.2585280928931531
12-11,0.026029965960137517,-0.19159259813652063,1.6396347066126735,1.282599708288753,2.463266131001882,0.6370480664712852,0.4799941840752032,2.5731432374707635,0.221807869168995,0.23817668878927115
12-12,0.018995670666048032,-0.17553171220163952,1.661653674239211,1.2840178027229472,2.4601785068467494,0.6615743487388179,0.49334835433349383,2.507053680928417,0.20353824382899316,0.22413376714916125
12-13,0.012337827936605912,-0.15920256337111321,1.67709590413464,1.290251651357778,2.4598461617385947,0.6548723658708745,0.4778489773803138,2.4292125146764922,0.18522792113437678,0.2140894490581345
12-14,0.002128937771811218,-0.14714098497827502,1.6900663962989602,1.2974834988974049,2.4534039655470803,0.6575652293975712,0.4494435624689962,2.3454201625006053,0.18908283925062158,0.22484581824457642
12-15,-0.008105059443993208,-0.13167860847094753,1.7054943529310593,1.3075181463754555,2.44361592805996,0.6281847538510379,0.4509909969667058,2.2842330479346606,0.18781346612536143,0.22251244396237133
12-16,-0.021039889993130955,-0.11206039863028673,1.7149014762298251,1.3174627169481412,2.4342159898736697,0.6154382341671419,0.4246254961582458,2.229152714828261,0.1815892105665316,0.2216368070180604
12-17,-0.0316063872089354,-0.09395718878962606,1.724791099528591,1.3236768422169778,2.4209711953932453,0.6237233438656683,0.41014786670323355,2.1631332090761695,0.1912090352159396,0.2242467479286291
12-18,-0.03749944404039688,-0.07462811039678796,1.7221899250262442,1.3313367742875535,2.414042034176385,0.6057879982314271,0.4155039678307047,2.036002016000602,0.1868945034736296,0.20169481655449276
12-19,-0.040968953436505556,-0.05974479489959508,1.721317154921673,1.335203894573902,2.406168154646182,0.584169038192374,0.41027498347742786,1.950740275180176,0.18133619651242686,0.17010401260038335
12-20,-0.04346658206392817,-0.04740140896471412,1.7140552892148773,1.3358477927302852,2.39477378142365,0.5826022530001278,0.4141147936600958,1.9371033404350302,0.19174164934492288,0.17328265505604987
12-21,-0.04795899658933135,-0.034292952592145,1.7089784945725233,1.3356654489417301,2.3850176974497943,0.5872167321013836,0.4040807049816874,1.8988551092047994,0.20018774443747278,0.17713772005047207
12-22,-0.057812970730391516,-0.02308779433406513,1.696838402129057,1.3353200263990463,2.3743748989472917,0.5861187811266073,0.40589719188513695,1.9519638942405089,0.19814845402617912,0.17130679351870415
12-23,-0.06480861153811844,-0.011682636075985272,1.6631316430189245,1.3358242034704797,2.365707990013392,0.5696249378102749,0.4053718854772722,1.9905774640893876,0.18775426103537088,0.16669703180513856
12-24,-0.07462091901251214,-0.005847477817905285,1.627878217242125,1.3274722405977886,2.358076627724101,0.5496365671373283,0.4009381380486509,1.9798899087309907,0.1912500671065524,0.17021058447057413
12-25,-0.08716405982023925,-0.001186486226491968,1.5807647914653256,1.312812326804036,2.346911363482419,0.5226125804636582,0.39095247282614226,2.0171689329995686,0.1718439161522684,0.16979967529760773
12-26,-0.09830720062796641,0.0037645053649214113,1.5521063656885261,1.2972695761151067,2.33290940788493,0.5245309965055016,0.4039439060524106,2.004657583742734,0.15578453682047574,0.18076603047384426
12-27,-0.1107986747690268,0.0019513302896681582,1.5346837732450598,1.2813808571437004,2.324367389880409,0.5236984367421919,0.4285947588507525,1.9778290094514663,0.14276393292818357,0.20305786272588366
12-28,-0.11963264891008721,0.002695655214414935,1.5218595141349271,1.2691298965670066,2.320160012152991,0.5319122455113124,0.4273776657646476,2.052136569423576,0.13043366002084705,0.2183614989793324
12-29,-0.12403078971781423,-0.0024758531941715873,1.5337060883581275,1.2633211174392434,2.3211071645820027,0.5175880820264971,0.4143219589377697,2.087152205293156,0.13719496946702495,0.2284216413408287
12-30,-0.12682393052554122,-0.01117402826942479,1.5427018292479948,1.258925675184876,2.3243488432625075,0.5243146992581705,0.4117719795362078,2.05489304447139,0.1581707503241004,0.24785523056485437
12-31,-0.12790230648496034,-0.01370783802927357,1.549114005248484,1.2548979579716588,2.3254707443089777,0.5401287913249131,0.4344895635570258,2.0814480296566082,0.18972955732077035,0.2658286545001904
