month_day,East,North,Vertical,East_sd,North_sd,Vertical_sd
01-01,-0.936251908698214,-0.9675385249052806,1.5841169661329304,0.06505944383043505,0.7985518793437383,3.048223960892344
01-02,-0.937325355190273,-0.9663933917646846,1.5766083407105755,0.09916418662377764,0.7988037791500802,3.1864770991505686
01-03,-0.9375747276082578,-0.9739139993648293,1.5510210115845169,0.12622759744701545,0.7597293173667132,3.327408415506401
01-04,-0.9358892131849683,-0.9751422516021557,1.4933611681472145,0.16754873742081378,0.7440676320182575,3.467451872782346
01-05,-0.9259981432061233,-0.9680343927283711,1.4298679913765788,0.2385152909431697,0.7626694322106178,3.363297646098591
01-06,-0.9065654065606116,-0.9573543116323642,1.376774814605943,0.22665828033769841,0.8064289394487897,3.357152230576099
01-07,-0.8773132254706554,-0.9369492305363574,1.3356233045019739,0.23294088794766937,0.7885240903300188,3.4052771186884625
01-08,-0.8396388221584768,-0.9304191494403505,1.3309912388424494,0.25969680320640454,0.7761203133443526,3.250961639170415
01-09,-0.792544974401854,-0.9319279572332325,1.3460119509607025,0.2578980299739863,0.7937206970013898,3.217388897819585
01-10,-0.7352304699523005,-0.9327742103547972,1.3926060563800258,0.26977151303288593,0.8357803344520541,3.3037402021485063
01-11,-0.6770802076724414,-0.9260675763559496,1.46239694840149,0.2658162220177899,0.8325554741125025,3.4695739341561644
01-12,-0.6204628492420753,-0.910643499239015,1.536457652596782,0.2861215673670346,0.7713088248986546,3.506423125781346
01-13,-0.5734609452298894,-0.8890707563396519,1.6133195278709218,0.3080329457304803,0.7381659394306245,3.5119872297960297
01-14,-0.5361744956358842,-0.8730243476578604,1.6861409075572433,0.3348739034774262,0.7350349209677908,3.598777732773897
01-15,-0.4963936015974344,-0.8530057167538467,1.7830900650213426,0.3348182229662527,0.7102966470425945,3.7108931590506864
01-16,-0.46389404587918587,-0.8312877529586187,1.917210641358199,0.34571129301974496,0.6073839829845722,3.8565710318352
01-17,-0.42725421238315964,-0.8188364558300575,2.0605992732506113,0.3218941862535092,0.5884931668418648,4.081137247558867
01-18,-0.40134180338410586,-0.8008602680441309,2.203374451874216,0.33493863061508955,0.5698352999507494,4.202215210194765
01-19,-0.3887984855486911,-0.7892369673786165,2.3301972883401247,0.3461898793392388,0.5568369107316222,4.263596548611967
01-20,-0.37417148109913767,-0.7853026649446255,2.4355011159816704,0.35053856542668416,0.5620775443601062,4.197330802973671
01-21,-0.35849985556473707,-0.7772503616263964,2.549182939211035,0.3793208174734105,0.6136234110431339,4.046569065387661
01-22,-0.3315143411414477,-0.780225836085945,2.6501119846626215,0.37634083700265086,0.6708938854499648,4.224447203519458
01-23,-0.29565938227371363,-0.7962568661010492,2.7636438078919854,0.4101945158476269,0.6399451323200667,4.09283871264138
01-24,-0.25731553451709066,-0.8054851183383755,2.8838006311213498,0.49409497297169824,0.6311448069971163,4.078037648593384
01-25,-0.21302446453824556,-0.8135050372423687,2.9909268987951583,0.5497825762435756,0.6198100594101691,4.046868583555906
01-26,-0.18113339455940025,-0.804094400590806,3.0848087220245226,0.5780100386202865,0.6090573886210113,3.9454527568904694
01-27,-0.15173954680277718,-0.7857726528281322,3.153484989698332,0.5751722573744733,0.5683105486758154,3.8700661968253454
01-28,-0.12814847682393207,-0.7599009050654586,3.2146418129276957,0.6016239109655299,0.48202680082615135,3.838802982235072
01-29,-0.11408796240064242,-0.7296541573027848,3.2681847472681715,0.6371487239610328,0.4018375302259049,3.7644192479294007
01-30,-0.08822467019957501,-0.7126796317623334,3.3151971260530915,0.672537629670277,0.29565049323881915,3.5748519057095063
01-31,-0.057047489109618724,-0.686555106221882,3.3556483937269,0.6742289667908095,0.2584768243871834,3.3626785084503985
02-01,-0.023098085797440025,-0.6610028029036528,3.3805135502895975,0.6927319703811109,0.24452165802070466,3.022310296191635
02-02,0.014901317514738596,-0.6329393884743125,3.3855592624078503,0.681641127147955,0.2257352417468021,2.874153477414872
02-03,0.049959054160250586,-0.6157981962671943,3.3863327523038813,0.6712854950640471,0.22668189644128633,2.7317405018710703
02-04,0.08258623525020706,-0.6194375596156318,3.3669617977554678,0.618076662631939,0.1993723242845389,2.767737636642588
02-05,0.10515508300683013,-0.6220602562974025,3.3296519543181655,0.6270199175552835,0.1991482854149092,2.57011848082192
02-06,0.10811837520789758,-0.6248996196458398,3.296186555325308,0.6271810358218121,0.2364630963168362,2.4332830767169136
02-07,0.09551482410189563,-0.6075389283229601,3.2821362163001866,0.6250061341181272,0.2587438451870491,2.462219846147731
02-08,0.07451647527064384,-0.5824420165463347,3.257913219432762,0.5999943075314473,0.24590153731162995,2.402480625963826
02-09,0.05815943982525329,-0.5618977732048526,3.226850898056367,0.5277390178701548,0.1579619820927057,2.444767208347764
02-10,0.0550603844323907,-0.5426950871874026,3.159171474393223,0.4907837527853465,0.20140777141748126,2.3176276332382604
02-11,0.06266948573245863,-0.5217979020541909,3.070157110697817,0.4104889432313673,0.28058053380338743,2.3917008353508704
02-12,0.07842580925474872,-0.49753960580986795,2.9842455247801887,0.3599704818001558,0.29517050614332174,2.4725880853349005
02-13,0.10650991055481655,-0.46620353178776724,2.8698867166403375,0.31506400598122675,0.26624665135823167,2.4193756689942285
02-14,0.1432662340771067,-0.4478591244323331,2.793714019611598,0.3012484893342338,0.2772056892539651,2.4310117704534537
02-15,0.1787670020438413,-0.4388841615213434,2.710169100360636,0.30397005952019307,0.33305846437946135,2.4485038428616126
02-16,0.20232888112168693,-0.4297425319436871,2.637860292220785,0.3292295505560653,0.37027871409441987,2.4834441056150913
02-17,0.21778520464397708,-0.4391092356993641,2.5882987063031564,0.319502650965328,0.40736377471607105,2.4965219038618884
02-18,0.2228776392773783,-0.4343148283439301,2.525373231496639,0.3181005668075252,0.46684067190157924,2.5230550207418707
02-19,0.22250062946633506,-0.4478176432107183,2.4393199789123434,0.3170498510770476,0.5123222688692489,2.5568915899072557
02-20,0.22809028632195852,-0.458851013633062,2.354883392994715,0.32096683333217757,0.5211312106673407,2.584033134410608
02-21,0.22763827651091523,-0.4555454951665169,2.2919801404104194,0.29686183437187913,0.5220915671137054,2.491415943336776
02-22,0.23295015558876078,-0.4439510878110827,2.213026887826124,0.2687469785544845,0.5253878232944227,2.4052320745428464
02-23,0.24637592355549529,-0.41097890267787085,2.1712375241307176,0.23547819564607467,0.5637422773693598,2.447659049797813
02-24,0.25326002485556315,-0.3953150508779924,2.131825938213089,0.17134235493872507,0.5739521036280087,2.404692880608839
02-25,0.26716912615563104,-0.4007539768558918,2.0931449078510163,0.12732724573878182,0.5669055660442266,2.616486205515299
02-26,0.27888100523347675,-0.42077068061156897,2.1060194330444983,0.09124359137878671,0.5668396132261304,2.6085112464701483
02-27,0.2936845509779892,-0.43602905103391276,2.1043800693490917,0.07478979268768338,0.6082484602738024,2.64066039657707
02-28,0.32984313959110895,-0.44696570173529304,2.0846176631450213,0.08687518823931299,0.6778515733453536,2.750623147997074
03-01,0.36966283931533983,-0.4467134635477844,2.032349701385395,0.13887903904470564,0.7454436997142674,2.9481186914454556
03-02,0.4069936501506818,-0.45932511424916467,1.920256739625769,0.15960375803916685,0.7673296213919217,3.100355148792298
03-03,0.4453439054304681,-0.4779562093949894,1.788588777866143,0.21450942785690877,0.7358390969199995,3.3051309654018133
03-04,0.46927245117498023,-0.4823229131506664,1.6644494141707367,0.2431797847378359,0.7926494882650091,3.476448870357514
03-05,0.48135377469727014,-0.48233683912856573,1.5541517171419967,0.21947068258059593,0.8390847266645977,3.5703072326834393
03-06,0.4902406537751157,-0.47337020955090947,1.4710290201132572,0.22404883566768805,0.8390443315594889,3.735391999656443
03-07,0.4926358661862947,-0.47240913552880875,1.429500767528962,0.26458891012696967,0.7632505289179132,3.9474178015639017
03-08,0.4893866341530294,-0.47616750595115254,1.4224336260557775,0.2661298742186233,0.6789898521391787,3.963230223425811
03-09,0.4781903565379445,-0.479706486600369,1.4431792023926342,0.22338806558414678,0.6209804785437811,4.031715074110855
03-10,0.47448887664810935,-0.49102890992555337,1.442141881016239,0.16771564460588584,0.634356820951952,4.059400572746148
03-11,0.4679183055946353,-0.5092458870378167,1.4052438841488142,0.14608278102530434,0.6211077094526342,4.217778219154955
03-12,0.4617453100441888,-0.5268740846038258,1.3221102117903598,0.1596818594784023,0.5617852184256144,4.220022994102727
03-13,0.457061380023034,-0.5447551146189299,1.1916614794641684,0.14348240388756903,0.5562828067350903,4.127661248138737
03-14,0.4359441166685459,-0.5517444779673676,1.083440524915755,0.155324164482074,0.5691137385896663,4.065369603094152
03-15,0.4031101866473912,-0.549386619093583,0.9880140148117861,0.1817716081591993,0.5850623635897997,3.9197173415916193
03-16,0.36079014551512517,-0.5432509824420207,0.919412504707817,0.2253374301150607,0.568460259009485,3.882903896759523
03-17,0.32728677104952597,-0.5457514569015695,0.8812915501594034,0.24810501719925337,0.5156788148540601,3.83241581403155
03-18,0.30868061880614883,-0.5391713758055625,0.8481289289443233,0.2707136902665194,0.5286553001331582,3.703623614023366
03-19,0.3094633554516606,-0.5335051835984445,0.789355196618132,0.31086989106378704,0.5138730588760513,3.6095803959852235
03-20,0.327737758763839,-0.5324223247246598,0.7122842420697186,0.36481034744198515,0.4292389407003325,3.623156899718497
03-21,0.3433482731871285,-0.5218144658508752,0.6105632875213052,0.3863273558151539,0.42201002610384925,3.5512205091307254
03-22,0.3533254542770847,-0.5278316069770904,0.45497011075066934,0.41906451801160616,0.32289314200922786,3.5968142477319325
03-23,0.3583387464781522,-0.5372126369921946,0.33125748953558914,0.42727299042446054,0.2957710065664982,3.61669843891087
03-24,0.3453159275681085,-0.5467520003406321,0.21616986832050894,0.42774663492051945,0.2670237144637103,3.656046977276544
03-25,0.33219588643584264,-0.5441746970224028,0.1326128026609843,0.4148340976535934,0.29238513873204103,3.4970594488992854
03-26,0.30929806752579897,-0.5340612825930625,0.008180737001459756,0.39842809811016494,0.32255952224999446,3.3395364842441717
03-27,0.27081135972686626,-0.5453756459415,-0.19639577310250927,0.4075451626104937,0.264462458701488,3.293088390574346
03-28,0.24143854081682248,-0.5660594537343818,-0.4426111720953672,0.33831670496760285,0.09442920291719542,3.3427943009099623
03-29,0.2045129441290008,-0.606612705971708,-0.7334487933104474,0.359510944159777,0.11521962016022477,3.2438404445512186
03-30,0.1635706807745126,-0.6358909582090342,-0.9386447478588609,0.39764047017105264,0.12431128927449607,3.0859365016325713
03-31,0.12602563964224645,-0.6412553215574717,-1.1107545912961634,0.4256268411322722,0.044807965131037526,2.945643259927706
04-01,0.08193893184331366,-0.6368474626836869,-1.253547768066799,0.44179591854906886,0.022503642358683646,2.876689988958095
04-02,0.032171668488825536,-0.6366701593654576,-1.392710389281879,0.3900394874746103,0.10867059255055905,2.7185523422750837
04-03,-0.02362892819899593,-0.6648928560472286,-1.5304618993858483,0.3731302592137951,0.05501105364536251,2.6543442533400534
04-04,-0.07258230266459517,-0.6850961082845549,-1.6475828539342616,0.39584549720301115,0.07917673739575501,2.477915554082787
04-05,-0.12644123268574997,-0.7025049160774368,-1.7816038084826753,0.4370842726181491,0.018137318754060685,2.4026748917760528
04-06,-0.1679946071513494,-0.7126053905369854,-1.9404636519199776,0.45801506337826314,0.09032788684859991,2.2925194421854465
04-07,-0.18618131495028223,-0.6965975316632005,-2.1926179398017247,0.4909468887560572,0.1305481084030585,2.3032165713854504
04-08,-0.1969235783047704,-0.6813313394560824,-2.457563894350138,0.5388386618978888,0.2356200484224693,2.405994784641151
04-09,-0.20590473054814762,-0.670931813915631,-2.696726515565218,0.5931424274546185,0.2729313992844637,2.461989668940827
04-10,-0.21408588279152482,-0.6497739550418463,-2.9205891367802987,0.5840490322988194,0.3329488052516331,2.524720265327615
04-11,-0.22681703503490197,-0.6384077628347283,-3.0502212024398228,0.617967721692857,0.3648115022308618,2.667585281875635
04-12,-0.24019818727827924,-0.632083237294277,-3.141969934766014,0.6362771606079684,0.380214111041546,2.912545281653558
04-13,-0.24177378396610086,-0.6257670450871589,-3.259343667092205,0.63590091402426,0.37016028812061136,3.1556280519673026
04-14,-0.2418382695428114,-0.6248536306578183,-3.3422701771961743,0.6510295212479125,0.38760249511937434,3.395040990773231
04-15,-0.24117775511952194,-0.6156874384507001,-3.426105020633477,0.6584969653046995,0.43604243189737124,3.4971583387444367
04-16,-0.23666446291845478,-0.5973712462435818,-3.5114009751818904,0.6249879634146639,0.4824813040341844,3.64318005500559
04-17,-0.23097061516183193,-0.5823522762586859,-3.584121929730304,0.6278217948798598,0.43740707620062685,3.8360637773499695
04-18,-0.2239573229607646,-0.5688027507182345,-3.6545817731676062,0.6291267772214796,0.4337443086035239,3.872842044256558
04-19,-0.21648847520414177,-0.5531032251777832,-3.730049949938242,0.5623116670986108,0.329259506184495,3.86211748829389
04-20,-0.2130474052252967,-0.5381731440817763,-3.8130736822644336,0.5681985364827609,0.2841877848643964,3.9708086855088744
04-21,-0.20834244635756283,-0.5098319518746584,-3.8742335257017357,0.5590770995793829,0.32406508530333583,4.152519234548064
04-22,-0.205540265267607,-0.4713435374453181,-3.972757258027927,0.5618909545271425,0.3271628145542538,4.159632462857621
04-23,-0.1997491952887621,-0.4438023452382,-4.096383768131896,0.5857866792120708,0.3731602020192358,4.072823590233563
04-24,-0.1927331253099172,-0.4179750419199708,-4.247849167124754,0.5912888458788975,0.4431769648209609,4.0857728783514995
04-25,-0.17961427755329457,-0.37413940526840833,-4.407486788339835,0.6034890415962181,0.46245872661687704,4.0303005893923896
04-26,-0.15174542979667177,-0.3011176575057347,-4.545807742888249,0.5726891766268293,0.40822263582315305,3.9308412378833055
04-27,-0.12038491537338242,-0.22377924307639452,-4.663528697436662,0.6189499304140343,0.324389927044734,3.85707043274049
04-28,-0.08097717872787082,-0.1416352730914987,-4.771946874207297,0.5607939270774899,0.27036851211282614,3.782876736826079
04-29,-0.03998055319347016,-0.08015241421771412,-4.893012273200155,0.5478270098707562,0.25266784729794706,3.8163927788162084
04-30,-0.006675594325736065,-0.05476399978837393,-4.985758227748568,0.5098521616446934,0.291336225076685,3.7185216828424856
05-01,0.024107142319775725,-0.026592252025700314,-5.08504307118587,0.4716109738194404,0.32612865659835366,3.6034334703502546
05-02,0.0513148789652875,0.0025739401814178046,-5.14189458128984,0.4288072989366054,0.31066700773726774,3.606489184636805
05-03,0.07055039338857712,0.05241791016631379,-5.19553220250492,0.43313034472074147,0.18108690305466132,3.3160522790809184
05-04,0.08718035225631122,0.10112576904009868,-5.234436490386667,0.4537132150790183,0.15950094196016568,3.2177663691553726
05-05,0.10644364445737864,0.14654473902499454,-5.228890778268413,0.491923885334089,0.10810450784966318,3.196602490931396
05-06,0.12198749221400168,0.18651370900989034,-5.220711732816827,0.4765112725620226,0.12609598882446377,3.1196987104675378
05-07,0.1396118955261802,0.1997771234392305,-5.157299354031908,0.452198008587163,0.10792431761133797,3.034991089958437
05-08,0.16183907661613653,0.21033776009079289,-5.1209619752469875,0.3819077690420482,0.10076891355667444,2.8040345965235653
05-09,0.19205514659498188,0.22409284118679973,-5.1453940409065115,0.31411782223787804,0.06929052050567522,2.706625110224617
05-10,0.2166295499071606,0.23796181117169551,-5.163120551010481,0.288455862101543,0.05671623043714615,2.578053233217456
05-11,0.23464561988600582,0.26491967004548034,-5.228424838892227,0.21771148523224831,0.044574831509960035,2.5528555169381266
05-12,0.24715335653151768,0.2920580844748206,-5.318279126773975,0.18237377885869543,0.06556815086971182,2.2899676765808716
05-13,0.2529527598436961,0.3367242766819387,-5.348563970211277,0.19749410979203053,0.1382270664235454,2.113516072683061
05-14,0.2637271631558743,0.381637691111279,-5.42632381364858,0.16328646755521822,0.15447864962912494,1.9611550607624642
05-15,0.28170989980138605,0.4089344388739525,-5.531178101530325,0.14268714187349923,0.20950423675124474,1.901396132495966
05-16,0.30550930311356445,0.4417645199699594,-5.629854611634295,0.1443820082939122,0.2676962375719286,1.7634751739076684
05-17,0.32209759531463183,0.45661960106596633,-5.762367232849376,0.13223545691635205,0.30040947881506613,1.6895960512365602
05-18,0.32989422084903264,0.48836912660641774,-5.847107631842233,0.14884802537742303,0.2986193137443915,1.6154476826850404
05-19,0.3350797352723224,0.524924207702425,-5.904345253057314,0.18718809940440478,0.28478048594934413,1.5570197375683659
05-20,0.33428747191783437,0.5601515110206543,-5.947418985383505,0.19078211620749178,0.3087563712373741,1.525472931170154
05-21,0.33200076411890195,0.5943899254499946,-5.9629343843763625,0.19282088444386206,0.3384884367584464,1.4994098500817845
05-22,0.3396196118755252,0.6072366732126683,-5.991155338924776,0.17263748337469403,0.3393342476382632,1.4755391437536793
05-23,0.3519940151877038,0.6273223098642307,-5.9974151823620785,0.18128682251622133,0.3411696106253795,1.5694080682968286
05-24,0.37229064072210466,0.6309746131824598,-5.97556391468827,0.16317729629854566,0.32658984957909754,1.6312474234228385
05-25,0.3957567107009499,0.6231880276118003,-5.89544042479224,0.15418285752859454,0.3120322383385491,1.789202042094097
05-26,0.4148672251242397,0.6063486642633628,-5.743900268229542,0.1885580090905695,0.2915470663922142,1.850741090594324
05-27,0.43491385065864063,0.5871398564704811,-5.601582333889067,0.2002862959006475,0.2834761426719157,2.0043797714657114
05-28,0.45066047619304156,0.5718227153442658,-5.44500328843748,0.24002648800116425,0.33246816855492844,1.880090221519117
05-29,0.46408765728299806,0.5617972408847173,-5.309863131874782,0.23908695129410612,0.32602137461892755,2.03279121778529
05-30,0.4869926161507322,0.5599495442029465,-5.239484086423196,0.2655888918836155,0.32854258297863054,2.106953163477821
05-31,0.5007864639073554,0.5615574030767312,-5.134413374304943,0.2653169047058515,0.3361079843036813,2.207781977961467
06-01,0.5072730728188626,0.5635371123286372,-5.047169877055276,0.246001807715966,0.31438244412953664,2.420155859023854
06-02,0.5223368707068051,0.5614827445590084,-4.980372476209448,0.2515711269866103,0.35203577424487753,2.4405249094675643
06-03,0.5328095076149562,0.5664828168126325,-4.929176164413826,0.27540358881209803,0.35504213909926235,2.625822751900745
06-04,0.5566587446982002,0.5732258461342977,-4.909355378759215,0.32608418337866146,0.343451969760631,2.6619610121661115
06-05,0.5895706930676484,0.5899840547462264,-4.887371230356727,0.3098720908627647,0.3316369901429954,2.796258538550959
06-06,0.6186231305010785,0.616737998203974,-4.8869764969841425,0.333059112986687,0.3412593240154933,2.9044645630719637
06-07,0.6623316291769396,0.6481491594627524,-4.84157174155065,0.3621313996928011,0.36724773914501296,2.8588396879533993
06-08,0.7019339834959025,0.6793206881444401,-4.7764519714098865,0.37987539573781637,0.43187980579319485,2.862856162968612
06-09,0.7340485434141943,0.6983946227598049,-4.715676082804376,0.3810987057972231,0.41939859218688985,2.946011832404901
06-10,0.7664547699991529,0.7040685573751695,-4.633161305309976,0.3819168725979507,0.4046422330574072,2.963499241897125
06-11,0.7816026632507782,0.7069341586572009,-4.571857638926688,0.394278279937678,0.40644187417415156,2.94735780159523
06-12,0.7892616676135148,0.6817580932725654,-4.540570639210066,0.3487096552571021,0.4421254725268205,3.089619508370931
06-13,0.8044595608651405,0.6530403612212634,-4.488625306160111,0.37114483497467016,0.4631356794922177,3.205869875194998
06-14,0.8170963430056549,0.6365254069477391,-4.448141084221267,0.36397147038326305,0.4827827500306857,3.373811317233225
06-15,0.8177470140350582,0.6017882304519926,-4.436537417837978,0.34137359776396814,0.5201401402134805,3.422769325462806
06-16,0.8183310183977948,0.5827399428451349,-4.3823837514546895,0.35527378829885886,0.5575889048448709,3.5404449624522423
06-17,0.8170150227605312,0.5655083219049438,-4.341124529515845,0.31666208475471075,0.5353387594650246,3.3800068100987644
06-18,0.8146268049010454,0.5511072565203083,-4.302273640910335,0.28919406660871944,0.5516020793152474,3.45149551031345
06-19,0.8230469203748929,0.552581191135673,-4.220439418971491,0.29823886771800573,0.5875034492290878,3.3507857845029383
06-20,0.8405059247376294,0.5574273479732599,-4.150205197032648,0.26690078398501665,0.5867909880318314,3.371004580897932
06-21,0.8532621513225882,0.5623679492552911,-4.093770975093803,0.24314810208396775,0.5476402755445802,3.4121466763890558
06-22,0.8642378223519913,0.5577668838706556,-4.027153419821626,0.22543171863077255,0.50819531878806,3.2891452487830186
06-23,0.8632357156036167,0.5479130407082424,-3.989910864549448,0.2358593276483529,0.47964348310921806,3.1434333610602674
06-24,0.8566641644107977,0.5312869753236069,-3.9766766426106046,0.2554494486672969,0.5067259467641226,3.0494827152178563
06-25,0.8507148354402008,0.5297970210500826,-3.9605285317828716,0.2698509566083958,0.5424351165358415,3.009918356064757
06-26,0.8441293953584927,0.5322404001098917,-3.9642276431773604,0.2864391289757304,0.5937228194374174,2.8843864296116695
06-27,0.8413606219434513,0.5478115569474785,-3.9341767545718502,0.3154638427419721,0.5835316763438387,3.0061763217520494
06-28,0.827800181861743,0.5802938248961765,-3.93531197707745,0.34359600637156484,0.5609145650616741,2.959934819806377
06-29,0.8072869640022571,0.6159399817337634,-3.9006610884719395,0.35015890689973245,0.5880809121417829,2.7400084428324187
06-30,0.7891848572538824,0.655938916349128,-3.8436574220886515,0.37403400583046575,0.5927049853262737,2.6746011197689326
07-01,0.78993165601729,0.7001548894752602,-3.807562651947887,0.3756986385587873,0.5590535523817394,2.5360991520569924
07-02,0.8008373769153735,0.7270160507340383,-3.758669007625506,0.37435491722707176,0.5753901002730856,2.4653913660334634
07-03,0.819725925459915,0.7437672164140077,-3.7274298298084765,0.31141646646755694,0.6231474219841032,2.6256659780003146
07-04,0.8380962071626967,0.7522920916926028,-3.693476236961545,0.28408670422165866,0.6379929549354263,2.7168143168680614
07-05,0.8375593331348301,0.7520934543476012,-3.668316562418046,0.2605852557080523,0.6481259600192864,2.818348089497979
07-06,0.8342180811540927,0.7553851932678919,-3.5882313617335333,0.28709790158854265,0.6420357659005306,2.9008363063065703
07-07,0.8188013234864799,0.7627030477204851,-3.5215256275543734,0.30785212181200855,0.62032735491696,2.972474317645129
07-08,0.801379599064654,0.7757855347501689,-3.4579737969713733,0.4023650687954807,0.6152782600013458,2.8655934367955176
07-09,0.8017845579323881,0.796348949179509,-3.3686808626308977,0.46416014827385527,0.6117759328599154,2.7681631029676623
07-10,0.810131183466789,0.8276345858310716,-3.305660150512645,0.434422789949299,0.6434385971253177,2.7423586543711007
07-11,0.8306916978900788,0.8519118891493009,-3.2166449939499473,0.42796017983322177,0.6816676859690195,2.8510345710078333
07-12,0.8505272123133684,0.8747030813564189,-3.1117465040539165,0.4311666748798938,0.7084880187254874,2.785641549428191
07-13,0.8582682822922135,0.8828053846746482,-2.9996007919356633,0.4180550250126575,0.7610447764016977,2.7288582294113946
07-14,0.8561287967155028,0.8838215768817663,-2.8778161909285207,0.38528249777210277,0.7886852320667903,2.7430680207252833
07-15,0.8520920889165702,0.8963183246444401,-2.727664923254712,0.39687546029883075,0.8164348268226381,2.7393361111006707
07-16,0.8452414922287487,0.915059516851558,-2.5681247666920144,0.4369519597047504,0.8375014214880675,2.632839849478476
07-17,0.847193673318705,0.9333757090586762,-2.41266794346265,0.481930451511135,0.8796703647477376,2.658865136510258
07-18,0.8558569655197723,0.9488363457102384,-2.211625009122175,0.5121953468485296,0.8949109342496114,2.6061568779194793
07-19,0.8623452577208397,0.9561136490284676,-2.043151519226144,0.5658956829406628,0.8916350105587336,2.5177102579725417
07-20,0.8647835499219069,0.9662159523466969,-1.8753141404412241,0.568927041018198,0.8679532484105031,2.348804161072981
07-21,0.8632940643451963,0.9815154778871483,-1.6779739838785264,0.6104878371988308,0.8876214687564716,2.375250804757896
07-22,0.8573934676573748,1.0093816700942664,-1.5271588273158287,0.5962247644134083,0.8937527029216944,2.4645480579952195
07-23,0.852345648747331,1.0444339734124957,-1.3318714485309089,0.5852369812407159,0.9060682748515052,2.42487029248658
07-24,0.8492117187261761,1.0783779433973915,-1.2001424030793224,0.5481688859436333,0.8552462194748945,2.516398388149443
07-25,0.8415250109272434,1.102474691160065,-1.1108050242944028,0.4901108390692731,0.8072992917668296,2.5330519067900026
07-26,0.8292244142394218,1.1095992167005162,-0.9745870899539275,0.4992172122183305,0.7774994270314429,2.593916519192845
07-27,0.8146460397738224,1.0981931866854122,-0.8922997111690075,0.47526160510403315,0.8259636947370607,2.47273542989369
07-28,0.8112398875304454,1.0746649344480856,-0.7171095546063099,0.4559499976264022,0.8998252920725625,2.4471447580320267
07-29,0.7990059575092904,1.0542477933218704,-0.5307416202658344,0.4904082073373273,0.8803741684172378,2.688988452685855
07-30,0.7927859163770243,1.0321639855289884,-0.3760903525920258,0.51872137645232,0.8528921010617055,2.778442832709169
07-31,0.7811686530225362,1.0133385110694397,-0.18365019602932822,0.5153766856827839,0.8695737782239705,2.66297271031366
08-01,0.7732041674458259,1.0005352588321133,-0.013018372799963943,0.5733329003820411,0.856088299675027,2.4944427006702794
08-02,0.7732257929802266,0.993845895483676,0.14775233931828918,0.611735925914227,0.8118027385812738,2.3335145994882884
08-03,0.7606057518479606,1.004437087690794,0.3168480514365424,0.6273957865255573,0.803761642734072,2.19272818169906
08-04,0.7600884884934724,1.016642168786801,0.4943604302214623,0.6923613920952573,0.8116951348575446,2.016223112197209
08-05,0.7446462251389843,1.0380944721050303,0.642011697895271,0.7309131693717712,0.8443907381791115,1.892336366973128
08-06,0.7143067395622738,1.046302330978815,0.8079629655690798,0.7515562042801823,0.8945923052668261,2.026082883173326
08-07,0.6813394762077856,1.047346300963711,0.9798336776873329,0.7725612288425227,0.820300609772011,2.0696939397738117
08-08,0.6337416572977417,1.0510986042819401,1.0993238342500304,0.7056871726479861,0.837607055688044,2.1618677067763357
08-09,0.581679949498809,1.0485147964890582,1.2205584352571726,0.737605508319845,0.8033986041319974,2.350607460943659
08-10,0.5368043528109874,1.0491504331406205,1.3270097029309813,0.6785713991337591,0.7265016511369407,2.483688309825849
08-11,0.49848153390094363,1.0517527364588495,1.4205387483825678,0.648197331717523,0.6760372137086821,2.588193770035744
08-12,0.46031704832423315,1.0624883731104122,1.5467733493897098,0.6438467600616736,0.6636634866202978,2.6759846271194623
08-13,0.4298331183030783,1.0742684542064191,1.7501746170635184,0.6397287426258426,0.6846426564864913,2.7526256992498883
08-14,0.4039825216152566,1.0884318686357595,1.9571758847373273,0.6392941532648715,0.6425923333671643,2.8156899016273655
08-15,0.383556924927435,1.0965869497317666,2.1583077079666912,0.6310454170300572,0.5961543955375479,2.8974256467558206
08-16,0.3638146615729466,1.1004670308277733,2.312811753418278,0.608819687061421,0.5765681200826215,2.8354016301234695
08-17,0.34653350932956933,1.101677667479336,2.375313021092087,0.5659040276020925,0.5328252271649436,2.6672155677305027
08-18,0.33088013486396994,1.1009633041308986,2.451397622099229,0.5240956347458328,0.5555217409226977,2.5925570686080697
08-19,0.3143113059801903,1.0950462176760005,2.5084042275185525,0.5562427327004621,0.5991941936111554,2.4363705325240343
08-20,0.30215601270449405,1.0969347961192928,2.5674187306511276,0.5605957481009289,0.6378866826956918,2.52448526791605
08-21,0.28684203281465903,1.0869123727941086,2.6423689092747327,0.5729098080239864,0.5719404104576036,2.673796097967389
08-22,0.2752110329773518,1.077237281033781,2.6748464300560335,0.56287969177894,0.6028280382671245,2.6322696408994766
08-23,0.2653812453885306,1.0800733550558819,2.7545487330272937,0.6101617149970544,0.6476115644557834,2.6990632444824927
08-24,0.26022368002193164,1.0781566513002045,2.863567702665221,0.6448104234525505,0.6900993856184315,2.763028754612516
08-25,0.2487661146553327,1.100995503100083,2.98233389452537,0.6302252924461669,0.6382956811380069,2.917542205305101
08-26,0.23552521595540055,1.1304982437888504,3.1282584197188523,0.6663352201890158,0.5224493392373949,3.049782458288162
08-27,0.22183987281102402,1.1508759844776177,3.225199611579001,0.684867237138272,0.47457525497656333,3.241169747491764
08-28,0.21067119633331427,1.1628342807219407,3.3269630256613723,0.6731121621732219,0.4503918974182429,3.291693187227962
08-29,0.19926640874449342,1.1612453547440413,3.422801439743744,0.6902639098512198,0.43650127930693045,3.5571359971651004
08-30,0.1767310656001169,1.146831428766142,3.4784092982705594,0.7193591553873022,0.41230562676653854,3.799026757929788
08-31,0.13186238912240703,1.131336947232687,3.545644934575153,0.6896604133682172,0.4573953262245893,3.9729087615708734
09-01,0.07296871264469706,1.117184132365899,3.586452793101969,0.7116884647897705,0.45825262931773786,4.04772146262777
09-02,0.01797503616698709,1.082656317499111,3.5932939849621177,0.7431010165709225,0.44826918929000886,4.304072922089916
09-03,-0.02434086253294513,1.052178502632323,3.6270907323778228,0.6897482001671161,0.4453101845987871,4.521440105252793
09-04,-0.03930120567732177,1.015997909987757,3.663229146460194,0.6452369522086411,0.41411448056097383,4.797218619072335
09-05,-0.03813099326614275,0.9860534284543021,3.7075786716536765,0.6603823283164668,0.4026011090008097,4.894818920510057
09-06,-0.03061633641051928,0.9745367246986252,3.752275419069381,0.637622257075265,0.45588832511195704,5.126288548325741
09-07,-0.020721123999340375,0.9634200209429482,3.82189161092953,0.6762000993536011,0.4423165334096668,5.174053283527834
09-08,-0.01118702269927248,0.9419338727428269,3.89114391390079,0.6409237529736305,0.43710012613230526,5.302359622384217
09-09,8.041193412861979e-05,0.9237255023204831,3.9784573279831617,0.6793664970017932,0.510692864485083,5.468180251000767
09-10,0.019195068789751985,0.8983254652314728,4.0721874087322,0.7028876304399884,0.5380015195730451,5.376898775987412
09-11,0.03312083675648651,0.8839143170313511,4.129925822814571,0.7022765927808953,0.5132751873326452,5.399911140494532
09-12,0.03652993805655436,0.8822809466090075,4.106975348008054,0.68091233240341,0.4709809952161971,5.467007360191179
09-13,0.03041403935662224,0.8742364650755526,4.050013762090425,0.6361384629610477,0.5023322549007954,5.4417202569307435
09-14,0.013831473990023536,0.8712169835420979,3.9580966206172405,0.6253147779936405,0.5382165877377623,5.39647025422273
09-15,-0.012578869154352855,0.8659891686753098,3.863201701366279,0.6353643237035035,0.5866797814812478,5.3410349965503885
09-16,-0.04591976785428496,0.8619669093640772,3.837123448781983,0.6388693938812224,0.5849408951312824,5.370582686196293
09-17,-0.08196066655421706,0.8590613167195111,3.80334241841991,0.610596792155931,0.6021193998184532,5.32361857703532
09-18,-0.11798888861374651,0.8533945582925168,3.801753272534545,0.5804853618403757,0.5786582780355848,5.437556190725913
09-19,-0.14636397961469272,0.8310082460784433,3.843456228935927,0.5490020862305406,0.5524865344539652,5.521961421068606
09-20,-0.16781093955705567,0.8245662689661798,3.8858346209573913,0.5519760554662677,0.5952151821635401,5.55150162505278
09-21,-0.19249087955194633,0.8210575158446151,3.932432893043382,0.5691256357061013,0.533303423698332,5.615778414733355
09-22,-0.2199303651286564,0.8142903747183997,3.9623980496060796,0.553955398424921,0.4490959739536073,5.616570416703538
09-23,-0.250025406260922,0.8148065669255178,3.9360632061687775,0.5523795766599184,0.3902517914287508,5.473569310835515
09-24,-0.27678711405985423,0.7996644257993025,3.885989473842586,0.5714807262991118,0.42871839003883716,5.276660921129325
09-25,-0.2993015996365644,0.7849306180064207,3.8249879637386166,0.5757301206809857,0.5155193405661255,5.126808163019509
09-26,-0.3289271963243857,0.7741468102135389,3.754142009190203,0.5575789078985702,0.5212819143392521,4.8161498393602935
09-27,-0.35653334856776286,0.7697991135317681,3.6679349435306783,0.550304840329798,0.5099638261458337,4.752361659295146
09-28,-0.38333672303336225,0.761368083516664,3.608866766760043,0.543130975873618,0.560264244859009,4.645038877772926
09-29,-0.39794287527673944,0.7475314979460044,3.573162478878296,0.5295031754752474,0.5251368050056207,4.636734844419924
09-30,-0.39301569418678334,0.7353782457086782,3.607949857663216,0.5486530071015904,0.49307905793580575,4.439564458726049
10-01,-0.38144962420793793,0.7075749934713518,3.6869177920036917,0.4841788246037393,0.5102793344204575,4.265117499577763
10-02,-0.3698585542290925,0.6828800745673589,3.7493135041219445,0.47294427911415216,0.49257860206702153,4.077874691425911
10-03,-0.3708785953613582,0.6478018223300324,3.7832758829068647,0.4911767951233504,0.42971674488755884,3.9253426282436945
10-04,-0.3930347476047351,0.5973402367593726,3.771402150580673,0.5129104772753238,0.40003256511697727,3.775503742816274
10-05,-0.42368256651477887,0.5483092067442683,3.748675640476704,0.5352978315247838,0.3453663513415143,3.719423359810588
10-06,-0.4542164965359338,0.4827809545069419,3.7371157970394018,0.5671856880578587,0.2899819994730954,3.5668970826918804
10-07,-0.4825365376681998,0.42013881338072656,3.7523948424909883,0.5853283320787421,0.23356181048656466,3.5794364903674567
10-08,-0.5084204676893548,0.3713550055878446,3.7614572212759083,0.6126314716745721,0.19255522808357664,3.4928644014326764
10-09,-0.5399905088216207,0.32275453112829616,3.7600279333941615,0.6085633103829653,0.14924977609169324,3.4952958619683
10-10,-0.5857272166205534,0.29758739000208106,3.774881978845748,0.5935133083125513,0.16109949583992236,3.4528803886119164
10-11,-0.6356389244194858,0.2757369155425326,3.7383471354084454,0.6058134594700216,0.17218177488531142,3.4707927865777313
10-12,-0.6740506322184183,0.22116421886076187,3.6897317364155873,0.6259467265185242,0.18673083694632595,3.619318676712568
10-13,-0.7028012289062399,0.17164429995676872,3.6653052263116184,0.6399370863410316,0.3815503088412399,3.6699704901358006
10-14,-0.7145768255940613,0.10802715883055329,3.623831493985427,0.6174338050645981,0.4965448895573988,3.5583474850698393
10-15,-0.7138440889485496,0.041429462148782376,3.639485539437014,0.5968735485007316,0.5485765628608117,3.4419938612564
10-16,-0.7126863523030378,0.008353987689233677,3.658631251555267,0.5337576287687006,0.5219450001867967,3.491792867118866
10-17,-0.7050119489908595,-0.03286870899253706,3.62245196367352,0.523135133267186,0.5354880172992721,3.413590922049663
10-18,-0.7024819901231256,-0.0700080723409745,3.5781226757917732,0.5207358217774939,0.5016040967691476,3.2513251442019504
10-19,-0.7047242534776139,-0.10005021346718977,3.5013406101322486,0.4817441618525507,0.5459979012921362,3.068852507078455
10-20,-0.7050387390543245,-0.1471506879267383,3.443111322250502,0.47304093718379436,0.5489161027023468,2.8589816101452583
10-21,-0.7095004468532571,-0.19660671794184253,3.399018145479866,0.4912688700463733,0.5602111650645564,2.716997426636172
10-22,-0.712498265763301,-0.25458774795694666,3.376952746487008,0.5230307525230081,0.5325983181961503,2.503973318479136
10-23,-0.721207195784456,-0.31501877797205086,3.402909569716372,0.539338805161574,0.4675057025028634,2.540397405638543
10-24,-0.7406126576224444,-0.37046732768465795,3.4270429543842003,0.511229284019084,0.4631270166735836,2.695670778165764
10-25,-0.7698111830940991,-0.41847591679227075,3.495729461928957,0.510242187506575,0.46344779293445065,2.764578148286061
10-26,-0.7986965262384758,-0.46739262054794783,3.5577595426779953,0.5226764443363983,0.44906891275485983,2.9109603458141686
10-27,-0.8198936870555743,-0.5180785500628003,3.596319307742426,0.5098290095452023,0.393657828470293,2.890810892754347
10-28,-0.8369755781730059,-0.5553467411948807,3.6070044179060066,0.5021316361728714,0.34797380369959424,2.924469738006859
10-29,-0.8553484455517153,-0.5883213409133531,3.6213966450636073,0.4966760888037857,0.2619443716280202,2.800975546970083
10-30,-0.8752852018193136,-0.6025126072984921,3.6215166499989855,0.4845144637780153,0.22414004332675605,2.958936441593289
10-31,-0.9004164025313566,-0.6110205403502977,3.6230505438232528,0.46607383951418213,0.21596670530226997,3.0269648865607115
11-01,-0.9212753810211773,-0.6233173622909923,3.6463816598697427,0.4433794313135773,0.15610850006053384,3.1292484868488044
11-02,-0.9398315817332201,-0.6240252953427978,3.640587775916232,0.3942029168524473,0.16256846807620692,3.2068487226606943
11-03,-0.9512044491119297,-0.6201360061723812,3.608716114184944,0.3675711744987382,0.20188127975793896,3.2282867339938175
11-04,-0.9547884276017503,-0.6103078281130756,3.560269452453656,0.35001417605180457,0.2988165103755649,3.1893641260912653
11-05,-0.9549029616471263,-0.5947574278315477,3.5039672351668116,0.3321038024909977,0.37311911903161005,3.157403058804635
11-06,-0.9542397179147247,-0.5859931386611311,3.4115705734355233,0.35709874808970826,0.4602649320083506,3.232524689612565
11-07,-0.9547459186267675,-0.5837816272684923,3.3422461339264573,0.38979928460002233,0.5665078912649838,3.4194981730302065
11-08,-0.9564354526721436,-0.5857478936536313,3.242913361084058,0.45042723754869557,0.6260722626526357,3.29791462487747
11-09,-0.9599860978286308,-0.5976336044832149,3.1198000326861033,0.48154485661018553,0.6362488337685501,3.387771953534644
11-10,-0.9538978540962293,-0.616185981979465,3.0358867042881483,0.5045915563091453,0.6373086411565964,3.4233685519726365
11-11,-0.9535568325860498,-0.6132439150312707,2.974726153667971,0.4910462482673429,0.5945685753823766,3.2386999326369903
11-12,-0.9589241444092038,-0.6155018480830763,2.913426714158905,0.5039933808754457,0.49351363222639,3.21492924512242
11-13,-0.9652275673434689,-0.617257003357104,2.875557830205395,0.5163801307198855,0.4634510241071754,3.4667695721727303
11-14,-0.9723282124999562,-0.6140927141866874,2.8553389462518846,0.5417959230727936,0.3820192100422538,3.6340090198739907
11-15,-0.9719149687675545,-0.6400562027940484,2.828845062298374,0.5715148058921861,0.37567794074838523,3.532596498934687
11-16,-0.9755906139240416,-0.6582530247347428,2.8701095116781965,0.5836146078230909,0.39405244973930564,3.7319324932615814
11-17,-0.9846718146360841,-0.6659026244532151,2.9105711832802412,0.5859036282140798,0.44759012375179213,3.9003752277297026
11-18,-1.0009307931259048,-0.6706522241716872,2.9355911882156196,0.5653207677403552,0.4803495867249976,4.007420779176981
11-19,-1.0217814382823922,-0.6661407127790484,2.9367195264843318,0.5804818548348244,0.5010848781230818,4.164659560021773
11-20,-1.0261459723277686,-0.661709756941965,2.92531453141971,0.5580187719419729,0.5145263618698233,4.151252445024113
11-21,-1.0230882841509226,-0.652287134438215,2.9454956474662,0.5411941551137576,0.5369079667988237,4.319740326496233
11-22,-1.0129333737518542,-0.6462450674900205,2.9247573190682448,0.5199278412698606,0.5266107781357217,4.325635896936322
11-23,-0.993226375980397,-0.6426799252887676,2.882325762565159,0.5187179565582976,0.5761135463264873,4.086565253962428
11-24,-0.9752596479086065,-0.6457102992480643,2.8081549720740338,0.5090211928059372,0.4506542271694185,4.070692711426127
11-25,-0.9591771121378303,-0.6511033372213131,2.7273306683463643,0.540828561070092,0.43972123830506993,4.180083567317463
11-26,-0.945652556419582,-0.6654492623149741,2.7206456891276654,0.5594986787547152,0.4447152699967786,4.229543883586385
11-27,-0.9331519570151392,-0.6769739275598836,2.7752627069675118,0.5727596866869173,0.4575187589760107,4.1578551599412625
11-28,-0.9204690679635577,-0.6791420748757668,2.8281138388599243,0.5688225089745245,0.5076597286112022,4.117229358828097
11-29,-0.9017516333301564,-0.6858893341869995,2.8451772529422956,0.617557063988819,0.4882522489904564,4.050553170302585
11-30,-0.8769036431411995,-0.6738421490537876,2.8134906670246673,0.6598226360093444,0.4885930542765659,3.9367619884018286
12-01,-0.8562445418411315,-0.6476338528094648,2.782159636662594,0.6790380239628225,0.5082045894882159,3.8706111227304403
12-02,-0.8357271072077304,-0.6261450010095864,2.7894924951894096,0.7136962539489331,0.5307711745235818,3.8588444136628137
12-03,-0.8200818947965515,-0.6091367047652634,2.8377142426051143,0.7522534268790084,0.4788940883507828,3.8533270922758787
12-04,-0.8048700157187059,-0.6009561862987183,2.9009776566874854,0.7712407210058062,0.4327125744316227,3.7926675107728074
12-05,-0.7900136921964158,-0.6012951122766175,2.961660515214301,0.7962624864213224,0.39837243083834045,3.8389226294595695
12-06,-0.7744018131185701,-0.5997534826989612,3.019082262630006,0.816534273329783,0.36678878899387307,3.807849478714503
12-07,-0.7627371562629468,-0.5908174086768604,3.0562512322679325,0.822727714445484,0.37291143175216185,3.7038319304670084
12-08,-0.7559058327406567,-0.5805757790992042,3.1093563130169706,0.8309057278851817,0.4340584442613944,3.7565154254448263
12-09,-0.7498661758850333,-0.573359149521548,3.1173169493215642,0.8215533815591962,0.5071878657946465,3.7452195051993393
12-10,-0.753037630140521,-0.5611841866105584,3.108444252292825,0.7961279787852781,0.5451484616248812,3.7510317191798435
12-11,-0.7602618621737866,-0.5449120014773465,3.0972076663751964,0.7315508901304945,0.588094648189249,3.770930579142976
12-12,-0.772774983095941,-0.5292787052330233,3.0937627471242344,0.7150102332362926,0.6110705446599513,3.7069117309685877
12-13,-0.7887186595736507,-0.5018454089887003,3.127856716762161,0.6517888897282291,0.6291720200540574,3.628476246798522
12-14,-0.8019123360513606,-0.4890843349665995,3.140095130844532,0.6390635209435853,0.7276869264735446,3.5634785726383025
12-15,-0.8147226791957372,-0.4841982609444987,3.1460474338157924,0.5979269164130421,0.7705351995718404,3.5695436288398046
12-16,-0.815780244562336,-0.4932455202557314,3.0996858478981637,0.5594843891403856,0.8130841994634855,3.372380156458671
12-17,-0.8059961432622682,-0.5229261129002974,3.0059242619805353,0.5392650886740841,0.8970190216858104,3.1475041175343588
12-18,-0.8049092641844225,-0.5473067055448635,2.9046015649517956,0.4886827486741008,0.9320894802951226,2.8461494256108684
12-19,-0.8030723851065767,-0.5702011870783184,2.8012010901452777,0.4216443792225235,0.9332269148750495,2.652300612175955
12-20,-0.8102632838065088,-0.5844734463895509,2.7165839486720937,0.36478525926539723,0.9313357810151586,2.577055630372656
12-21,-0.8246625158397741,-0.5948345945896725,2.6403501405322425,0.3029458043206471,0.9588651109203146,2.5594218726225177
12-22,-0.8277839700952617,-0.6102485205675718,2.5795413323923917,0.27305237876781263,0.9479287351275084,2.6039544488262236
12-23,-0.8244387576840827,-0.6242985576565823,2.562254746474763,0.2270698355332667,0.9626629048724306,2.5480520628214336
12-24,-0.8103935452729037,-0.6351041503011484,2.5312403827793566,0.24496515030386107,1.0057979381377133,2.5595241135866953
12-25,-0.7958773228879888,-0.6441722976170318,2.49435262578288,0.2908472639167869,0.9882893468422221,2.514622482907041
12-26,-0.7856524138889351,-0.6358516653866606,2.4073680821842625,0.25963910249178734,1.018422503275879,2.5289064253907263
12-27,-0.7786493738312982,-0.6387866980544796,2.238128418650171,0.2189466138123837,1.0202030700961064,2.6403082443240606
12-28,-0.7825043138261891,-0.6441635067315998,2.0785614129583836,0.198244333602964,1.0463598943171994,2.7947960918271217
12-29,-0.7901632438473439,-0.6642945367467039,1.923554347298859,0.17562896143362886,1.0515960456954232,2.728980559042542
12-30,-0.8024749516462766,-0.7097172334284748,1.826036170528223,0.17592937916651685,1.0152779193674968,2.8452700132031565
12-31,-0.8084993240642615,-0.7318730262138047,1.7929071747354979,0.1733155067132018,0.9959261134832922,2.885265250820842
