month_day,East,North,Vertical,Horizontal,3DDisp,East_sd,North_sd,Vertical_sd,Horizontal_sd,3DDisp_sd
01-01,-2.183552177793235,-0.7118861304682451,2.7054994262999186,3.992509721671432,3.907393917128501,5.180126421287404,1.5718596061212835,6.512616941697678,4.936201173241507,1.3863400207869485
01-02,-2.148140970822419,-0.6665086691602596,2.6847107942000203,3.926412853582454,3.8769475657431443,4.975053257386048,1.5399868923953817,6.206364933667688,4.773304490414143,1.3625607969812459
01-03,-2.0632963346585638,-0.595607714798257,2.6532938474605414,3.7959977439413457,3.8171624455127655,4.7792594217824,1.5359085671114976,5.983133261026478,4.6321866494534865,1.3461569128507689
01-04,-1.9665945556375668,-0.5549527921822861,2.623443567387729,3.67745832418125,3.7578709435710547,4.563076356975697,1.56536300645477,5.73022594799679,4.4658939975349,1.3085002810593136
01-05,-1.8680435702673623,-0.5592899330583788,2.630415509537139,3.5931325814042974,3.716813988025423,4.314764508129993,1.5631431362814383,5.36436094710636,4.252934981958278,1.2593282023012702
01-06,-1.7648163944209678,-0.5643064390138365,2.698435070734168,3.532192109508063,3.6987677640925987,4.053618478423392,1.5507357645701842,5.219367109970574,3.99729295377505,1.2074353364232033
01-07,-1.6380431868285417,-0.5793054846518338,2.85896415574072,3.4995307403759472,3.7073472559895837,3.8362441838908494,1.5379978207660232,5.078416161297731,3.7945673077467563,1.1794827329561388
01-08,-1.4831747411408773,-0.5813902445755451,3.058151970906003,3.4585184595879888,3.7254287991873554,3.6217502016093785,1.4839639968519596,4.9838051265189165,3.5588357536434794,1.1305010807990477
01-09,-1.2475519598968918,-0.6574562594414037,3.3212213578773118,3.3907863766005666,3.7404718814132547,3.4061454287111417,1.4920803666957205,4.955110332963864,3.321980023259022,1.1128235554766341
01-10,-1.0330329624089656,-0.726344179110439,3.5669914980379676,3.3070619576202205,3.7460416610958034,3.0382347754354844,1.4577888630606581,4.595991278859192,2.881063204920181,1.0290073136336446
01-11,-0.8332212048736795,-0.7948031748280723,3.801108013335469,3.2190066398854444,3.7421546327141093,2.8216687071490143,1.4478026823270558,4.524755643486462,2.7156559299969083,1.042771476272484
01-12,-0.7273007484612474,-0.8059779745581391,3.9470133283686177,3.1549622195183584,3.7325094475258354,2.6095208256845623,1.4423263561139728,4.493127013858777,2.5348160796779036,1.048849537851975
01-13,-0.6293096361846177,-0.8133595600024917,4.094646230482895,3.093906402788992,3.7181877044427036,2.3770030997264096,1.4664218824134407,4.4647289875366525,2.363207338617071,1.0451753299355304
01-14,-0.5240500365811386,-0.799492499652983,4.212694699415413,2.9991156192042987,3.695633542551978,2.1144863832440155,1.403521788563045,4.434485091491526,2.16502899014306,1.0663181057949545
01-15,-0.41456710084599213,-0.7613856776871768,4.318351019350577,2.882745224196551,3.6576765195594976,1.8705679280457317,1.194302791121947,4.398482089852256,1.9262612660888627,1.0718787842779196
01-16,-0.29256661261580935,-0.6946430223467653,4.39997959425336,2.7455682862728086,3.616501347498515,1.644191982213942,1.0576897471869902,4.313961850048223,1.7339444695793789,1.0982264213130146
01-17,-0.18617801660110556,-0.6285761510373314,4.440433528788362,2.623747912842724,3.5677670603907643,1.4208994903432999,0.9130867855437055,4.237764866846994,1.5184821494415623,1.0903443601156342
01-18,-0.08069047369121907,-0.5652710300086622,4.498227891572693,2.513021104568818,3.539730548666052,1.2362461491951928,0.810593968641939,4.226857088319193,1.3052396538627604,1.0582542091678029
01-19,0.016776930329778523,-0.5460297978688816,4.56972642102369,2.424011567715653,3.518308972938128,1.0218795718907996,0.7498729502074849,4.3098299310196975,1.152352515558422,1.0753790137036323
01-20,0.11906204268410943,-0.531763565729101,4.6512707838080205,2.346611203341296,3.5007198124810217,0.8016784296491495,0.7120006243911363,4.26924172823524,0.9843086127428421,1.0512341410140977
01-21,0.24755826614955145,-0.5100640002559871,4.680040146592351,2.2736096781649136,3.4729285089803335,0.6033727291305734,0.6761157166239247,4.192571628417107,0.8325339019872934,1.0187077509071363
01-22,0.395336434059438,-0.46509776811620634,4.672383120487793,2.1996904902308585,3.439641841468585,0.535412959527362,0.6395050168152682,4.216637694980401,0.6291764439176472,0.9656923072117328
01-23,0.5432062686359912,-0.43802042486531456,4.722352483272123,2.125364143483728,3.4177836128140755,0.5667300533024836,0.6272361846888023,4.194593460388945,0.4503587734000893,0.9486077088910546
01-24,0.6311441587680998,-0.44418613716997823,4.8077482349453415,2.092048952884044,3.396089160162869,0.6720741680140727,0.6219790363348461,4.203948941097529,0.2763232953589979,0.9165473692977869
01-25,0.6740709377890974,-0.47402546058575307,4.933591208840784,2.097882098858587,3.3845777705839866,0.6899770399467191,0.5404402271995591,4.049281251930494,0.2702852703470005,0.9167383311553146
01-26,0.6851546612545394,-0.5076758951126391,5.056234182736225,2.1374055688678664,3.383656319431425,0.707411385394504,0.47545357496818413,4.094496070515258,0.32440003688607133,0.9424248619946461
01-27,0.7109925513866481,-0.5422679963061919,5.158017434409444,2.166851124846287,3.395653836783452,0.7836565693544516,0.3882472661639254,4.221945308296122,0.383630739575044,0.9990952940345942
01-28,0.7384846081854234,-0.5684864863886335,5.243036797193774,2.163483301927968,3.409327336000849,0.8038775640177442,0.38130745149509626,4.2270689856812345,0.3769175435294774,1.0171834784511984
01-29,0.769672498317532,-0.5893841431377418,5.270908937755883,2.1538488969551004,3.4127159437933847,0.8266193844583047,0.32754773297153655,4.233763477031796,0.36339039951665253,1.037632833768648
01-30,0.8057409440051965,-0.5986220776646279,5.288347744984658,2.141720398688772,3.412429742011774,0.8188487321193046,0.32829636924785066,4.217583057008426,0.3913477630013557,1.0319314928928667
01-31,0.8572524452484163,-0.6179044566359585,5.299585163324543,2.1629983050420036,3.4205908671455822,0.7831593925405519,0.3427404571557403,4.293554041640699,0.4061399779346483,1.0601378144328608
02-01,0.9138847798249694,-0.6418729467184,5.3333114705533164,2.192648075248503,3.436228121878337,0.8163273719649419,0.3424271348176845,4.315929987479643,0.39246098871046914,1.0484818566891085
02-02,0.9532587810681892,-0.6740344923563972,5.369255833337648,2.2323581194735733,3.452943424093609,0.8115295588198912,0.3339855003138861,4.532056959792054,0.37912332553132655,1.0976195242399824
02-03,0.97405639342252,-0.7180390935499501,5.459357140566424,2.280863200011336,3.481200426644732,0.8495728225936828,0.34239623797096425,4.625407430472838,0.3821953679635931,1.1316853786801593
02-04,0.9861734502212952,-0.7594159169657249,5.622289003350754,2.3169949801028484,3.5164740342194967,0.8396540308153536,0.3773010084518423,4.911969360810645,0.3993278918619587,1.2018326342076477
02-05,0.9941210625756262,-0.7931246848259441,5.778645866135084,2.345143675745775,3.5504649235024317,0.753684710466291,0.3929652217175598,4.986524233642743,0.39430029333303257,1.2341021517340665
02-06,0.9821700638188459,-0.7860598415750525,5.868759673363859,2.336366055152794,3.5612238852883666,0.8086622683344623,0.4219025427691577,5.152182247819996,0.4067098768743857,1.2571675562349114
02-07,0.9592065650620656,-0.7772130538797164,5.8427943139259675,2.335878006128207,3.5590135928493503,0.7863976894766951,0.4743917542906668,5.242232195411316,0.35371126483219006,1.2806923575466047
02-08,0.9330500107497298,-0.7543884884066027,5.84557339893252,2.340965114520149,3.5682284655488203,0.8322597812923087,0.525443073112357,5.445007230247497,0.3406100213912783,1.3005088751124763
02-09,0.9294712342151717,-0.7360569784890442,5.856291372827961,2.378145824734369,3.590958069565044,0.8243092113884349,0.6486962061596818,5.674843376762896,0.3913580871106731,1.3377465457821553
02-10,0.9377063465695028,-0.7005421352381527,5.894107957834514,2.4263724864926113,3.6251500958537193,0.7808287696041345,0.7375093700123808,5.832481346680761,0.44599955551126236,1.3567164281487138
02-11,0.9539109033682781,-0.6648592364317055,5.9178939872855105,2.47224109024798,3.6537958496327505,0.769015159958794,0.8436647292589593,5.963377315132028,0.5188968520821051,1.3710838992108916
02-12,0.9794918490559424,-0.6359221709585917,5.871966127847618,2.501662983511555,3.6783186156163654,0.7247841630470775,0.892137958989308,6.192423384950422,0.5784609060096685,1.4158866332167084
02-13,1.0127130725213844,-0.6288739943743668,5.790767435076393,2.5343755158346397,3.6915028577075155,0.6922434901339598,0.92984987167495,6.297676741882839,0.5886091240398086,1.4195335005222927
02-14,1.0606079070979375,-0.6464063733456972,5.648545131194058,2.570937044927718,3.700163110476133,0.6782845687654427,1.0235943054545504,6.284929505382994,0.5793550889123468,1.4020862452707614
02-15,1.0897444083411572,-0.6764026412059166,5.506707549533943,2.6090331939187563,3.713646726504471,0.669614920634276,1.0252618985107647,6.339372654252591,0.6027608668323705,1.400202334212326
02-16,1.1111086873621547,-0.7011933535105807,5.362353301207162,2.633781958490026,3.730127122633707,0.6920151126263522,1.072910567510302,6.199252156707336,0.6190125326078634,1.4155899921884736
02-17,1.1103507441609304,-0.7141062880374668,5.201971275102604,2.6495394715872758,3.739737973534167,0.6652334462407339,1.0771192111030918,6.24679782127876,0.6462235011108238,1.4205893069184798
02-18,1.1077997454041502,-0.7012483892310196,5.054114248998046,2.6533550654768967,3.740807902991959,0.6426171596912481,1.0882677767097109,6.2663516733005835,0.6160814958068201,1.3938521255669942
02-19,1.0889556910918146,-0.6954766015356837,4.8987419451157095,2.6451647742353637,3.742074011432443,0.6333897152847981,1.1103037947789773,6.282542618804772,0.6086562414557755,1.373961824865626
02-20,1.0566658034461454,-0.6736075916181253,4.76275991901115,2.631907939828144,3.7429551519674646,0.6119817336935169,1.0988755146800295,6.3937448214829855,0.6100351490093499,1.3731575125539432
02-21,1.0188342491338096,-0.6560330261450115,4.6970834484621475,2.609904073739509,3.7431129651229558,0.6114713371650092,1.1721667222539678,6.600632427273908,0.6713206726362245,1.4415686410714563
02-22,0.9977735281548071,-0.6238723495607864,4.574084755690922,2.596952320385588,3.7306669465164166,0.5755255724484606,1.2217188093835425,6.901882442449754,0.7116474097195196,1.542062688865064
02-23,1.0020822516202494,-0.5894019507543393,4.420455507364142,2.568529489525154,3.7088298989486645,0.590520117299452,1.2644564465329915,7.013489740017516,0.7433690666141134,1.5602668895397316
02-24,1.025585419530136,-0.5617426630590031,4.179062370148473,2.543811452455079,3.678232796159955,0.5321892695111785,1.276010015266131,7.024851216253097,0.7690499645390432,1.5509612651805145
02-25,1.0514788652178002,-0.5384986531414447,3.9598914551550255,2.5129326854476424,3.6406157103719585,0.5084129703630127,1.2679603792771297,7.145826271365679,0.804687144049736,1.5643775288837027
02-26,1.0748167553499088,-0.5335490876683308,3.7763719290504665,2.502180813547668,3.616993703905967,0.4415830722368876,1.322037872552317,7.07634760395521,0.8152686668905573,1.5383988116996987
02-27,1.0956421454820175,-0.539287022195217,3.6190107362792414,2.5073760095857547,3.595776324231585,0.39102323440564213,1.3274011665715477,7.117298075779882,0.7813050009560927,1.5193390692791173
02-28,1.1160514801621721,-0.551613766080825,3.48900474503634,2.5209355504101096,3.5921434859824344,0.348198628267865,1.348725269485543,7.139680990992071,0.7628335796320199,1.5123245193520645
03-01,1.1302913703978825,-0.5531710655219887,3.3372640315712165,2.5307619767066316,3.578759950260682,0.314415377639623,1.3781723859734918,7.2262412347036244,0.7773859648580652,1.515343572551408
03-02,1.133765982855815,-0.5385880871853747,3.125073318106093,2.518762676192713,3.5645725363566885,0.29237794593320154,1.3996550410006354,7.198139971637486,0.7982314328424817,1.5007155116889532
03-03,1.1303788729879238,-0.515285743934483,2.8720857364459795,2.4981188515617543,3.5468814667315045,0.2467447791618167,1.369630490046504,7.213111719625608,0.8032915283098491,1.462078286691526
03-04,1.1333556520089212,-0.477375067350258,2.549912043674754,2.4671534580494394,3.521955613822994,0.22634352020178652,1.3544145315464529,7.180509918830507,0.7665625183303437,1.4098146837080765
03-05,1.1483435421410297,-0.42672966854381084,2.1732494620146396,2.427623121773093,3.473733519282737,0.25461603466289784,1.4150018807992308,6.861362483850125,0.7305771517695108,1.2962433396968842
03-06,1.1536050433842495,-0.37322176973736365,1.7391327136878587,2.3823013901072727,3.408381357347121,0.24748536669789412,1.44687788606854,6.447611572701587,0.714528970842007,1.1884102319939298
03-07,1.1488929335163582,-0.36011942648647216,1.3576534653610777,2.345655629435638,3.352613572433309,0.22996040962741085,1.4289378750213582,6.2165874104562615,0.6517838290478725,1.103228127075432
03-08,1.1296572125373558,-0.36942819434669155,1.0329589392565188,2.327880060523856,3.317566650606743,0.22119814129383186,1.3945445434613883,6.053432493061833,0.6622998112318838,1.0502486264764257
03-09,1.1131951026694644,-0.39094112887357774,0.7732019131519605,2.2991082679690034,3.2918052462077845,0.21859710895152648,1.367656958456642,5.897412752041863,0.6510270454095872,0.9501417782925273
03-10,1.0991163261349066,-0.41302350784490827,0.49592405371406884,2.2576330748657703,3.258902772779205,0.23419169612550164,1.2690056608477729,5.64936993314579,0.578252150916628,0.8588935550271654
03-11,1.0776625496003485,-0.4514725534829056,0.24584480538728828,2.204681685949887,3.2259299784805133,0.22785200695062677,1.1661744718727554,5.5071711943194,0.5063716451898622,0.8136200655908106
03-12,1.050200439732457,-0.48757854356534724,-0.023234442939492467,2.155418652293817,3.1804306800568907,0.22509385382244826,1.0944201463270764,5.38743363988444,0.486188049679849,0.7979405681964292
03-13,0.9961855520867879,-0.5064887003144555,-0.2625081357107175,2.114780056034738,3.1418525775024553,0.2207755035636575,1.0307579040632338,5.215182017913298,0.44599253590326926,0.7795112413787005
03-14,0.93499427555223,-0.5012405237302305,-0.48009155070416476,2.0721510162399377,3.096332943371317,0.22925250248789056,1.0085596234538914,5.081816296592085,0.4299565560843007,0.7675532504167306
03-15,0.8637571656843388,-0.4712506804793391,-0.6513902434753897,2.0286720178106683,3.0725129796827635,0.22461583422305695,0.9660683686130884,5.03652903518923,0.4244069655150792,0.7933883258941896
03-16,0.8149228335942253,-0.4384358372284476,-0.7567194918021704,1.9870714636727598,3.054606218466138,0.27549957973302197,0.9548663017383905,5.069451712163869,0.3818246633198631,0.7840050109514457
03-17,0.7847093348374452,-0.40557793842200046,-0.8492265179067285,1.9501522797298465,3.048962945110711,0.28306911460962936,0.9409918081690614,5.121244337154047,0.36088574210160396,0.7485934567355489
03-18,0.7796930583028874,-0.38397976183777544,-0.9401043773446203,1.9333844608116941,3.048464805183125,0.3087710944652966,0.9080878417944871,5.121081988216583,0.3097011658426832,0.730633471929062
03-19,0.7760781706572182,-0.3576163074757726,-1.083658625671401,1.9208812414251375,3.0545199848710394,0.3360891935282876,0.9117533782887517,5.1179001782932305,0.31432200925254794,0.7363906017917745
03-20,0.7686993941226602,-0.3259556308915475,-1.220635096220404,1.9234300745322883,3.0651430828573005,0.3779972209491433,0.9249574295839805,4.993481627380888,0.3271704215105376,0.6612247845624337
03-21,0.7538470064769912,-0.31315606541843355,-1.358500455658296,1.911869184003445,3.068244380421195,0.4080410214838077,0.9632077346382434,4.963718436859302,0.31376225129889573,0.6506291705910662
03-22,0.7458960077202109,-0.3161037221675418,-1.5322783150961878,1.894747018104847,3.05973954885865,0.41167101760703967,0.9010585833579221,4.842848772783486,0.2791359254404677,0.6308773048164957
03-23,0.734915842296764,-0.33964443447220566,-1.7497978412007464,1.8775155649597821,3.06053198386274,0.41931801009470293,0.8857613325633044,4.625219657830972,0.2676529166482484,0.6285991987916486
03-24,0.7158551213177616,-0.34355181344353625,-1.9435257006386386,1.870298459847876,3.0627853147454647,0.46250472269788356,0.8994712217443471,4.63489245761533,0.2713302529317492,0.6370601388812047
03-25,0.6752513447832036,-0.3154286368593113,-2.095856337854308,1.86088812732947,3.0787040301120734,0.49260143614860774,0.9151232689814666,4.626419158676189,0.27775268596878416,0.6526372394554373
03-26,0.6345600682486459,-0.26603323805286405,-2.2160591972922004,1.8487247231069988,3.0990909953584116,0.543054777165173,0.9139861387967433,4.683392307833797,0.2617765027495316,0.6771854134467473
03-27,0.6016771250474212,-0.2052072836908613,-2.360205112285648,1.8351644753623282,3.136866480431363,0.5539690902173732,0.9207531816574046,4.798599183915848,0.23106135624442098,0.6921749783840564
03-28,0.5754497374017523,-0.16573132932885856,-2.530996860612429,1.8290458842759871,3.181350095881728,0.5406582733938106,0.8908132565739776,4.9299876404588945,0.2213639305494692,0.70535568213465
03-29,0.5481195719783056,-0.1280345416335225,-2.7472538867169867,1.8179504295307118,3.2305672576690525,0.5314298954441516,0.8816297922011097,5.022775977665349,0.21226367902749657,0.7292694517334687
03-30,0.52842551766597,-0.12493219838263081,-2.9695609128215454,1.81739604703923,3.282584533030921,0.5303404585091294,0.8668249060132405,5.196641724969605,0.22169977602839344,0.751077135206798
03-31,0.5130411855758565,-0.13076318846507248,-3.190902661148326,1.815793823564847,3.345847362359224,0.4649841127079719,0.798360756259786,5.302798912098663,0.2792887135354796,0.7199363956043305
04-01,0.49411796459685425,-0.1531594563252919,-3.3637207983639956,1.8120686549389322,3.402385142894367,0.47393384247235376,0.7945684235578296,5.515962578219627,0.29615271231480855,0.7600002548307746
04-02,0.46399335472896297,-0.1585696130744003,-3.5255569911352205,1.7999897593774357,3.4532283593091146,0.4888873701909411,0.7356043737498964,5.676255607780102,0.3167728305939578,0.781250084444697
04-03,0.43455624486107175,-0.1562936587123975,-3.689033461684223,1.7886820542691602,3.5033068362287234,0.530976372226311,0.736098226542284,5.7730004674451845,0.31430386936846977,0.8013607068935988
04-04,0.4025163572154027,-0.1432565932392836,-3.8647696544554484,1.785860154661833,3.5563735424042373,0.5258130941696264,0.7400544362502514,5.956326356911792,0.3322644011024112,0.8378300575834668
04-05,0.36099730290306703,-0.12628341665505868,-4.041276680560006,1.7875412620040028,3.6105788267452943,0.5397489662286716,0.7187697371324105,6.003251039562086,0.3287806095231715,0.8272655299840234
04-06,0.3155393597018423,-0.09421718451527818,-4.224126762220121,1.794681778554895,3.6564573904077293,0.5234937499512318,0.7202193029777864,6.027819913615351,0.3021702850720938,0.8247258963614008
04-07,0.27113697205617326,-0.05819678570883106,-4.457643510546902,1.807322199332109,3.703833366899388,0.5079536357169402,0.7349681864464636,5.960061801453922,0.31282067091193216,0.824682083052907
04-08,0.2313706955216155,-0.020062498013494967,-4.715572758873682,1.8241897440401524,3.7522639671150664,0.4871967765494844,0.7155262580608627,5.961253285082755,0.3431354506508667,0.8345540135121364
04-09,0.1866183078759466,0.01767317857073002,-4.965021451644907,1.8432254464178321,3.797989243185411,0.4775126471963368,0.7384130137607948,5.973758640007888,0.36747065522853334,0.8296779744356347
04-10,0.14642564245249995,0.06103802182162171,-5.187600699971688,1.8488700746435331,3.836078110028294,0.49969135534372067,0.7440555509733568,5.92855596668342,0.3922114972275697,0.8293696343707452
04-11,0.10800242147349776,0.10229175396140229,-5.394160503854025,1.8466088622934613,3.869286751384546,0.5008949638230505,0.753010563071074,5.902700787577661,0.42042267688988966,0.867397036003168
04-12,0.08917364493894002,0.12957048610118282,-5.601885585514139,1.840574424882447,3.908264530235842,0.5053135152687243,0.7537649000916959,5.970484613440839,0.43142895786484353,0.9337696418413794
04-13,0.07914625729327107,0.15336588490762992,-5.782367611618697,1.8547635096516737,3.9498160987055884,0.49388342681181235,0.7897341813021697,6.128105443576941,0.4289058994329516,1.0030773592919244
04-14,0.07310081409204637,0.1677335059362993,-5.945248248834368,1.868087376269398,3.98394579784051,0.5122548244758852,0.8059152595496222,6.178649688868333,0.445404775665388,1.0393796360423924
04-15,0.0543373153352661,0.19080529363163543,-6.078192774938926,1.8839605317439354,4.01275796744789,0.5158490432847428,0.8024308308099828,6.22848560506713,0.415317522092637,1.1078158092647572
04-16,0.02124048324515258,0.20911041466030497,-6.230590078821262,1.8959077154483719,4.043592937426682,0.5278347713867597,0.7997329447904256,6.322855312587057,0.420664767549279,1.1610257698600988
04-17,-0.020571626622738703,0.22850303568897437,-6.353031827148043,1.909531145041113,4.072803194283817,0.5231673965201925,0.7634393409979452,6.474164306240255,0.43013583681813,1.2305071138734975
04-18,-0.056790680935074465,0.23426232338431038,-6.452679131030378,1.9218854920661907,4.09543637459099,0.5244414867032455,0.7775824495772543,6.509541214515876,0.4434459435382228,1.2475981230256525
04-19,-0.08393890191407688,0.2298021666352019,-6.517784768246048,1.9186989805612928,4.112385695105964,0.5178607591603082,0.7839192330498308,6.608677099704325,0.42123132701257365,1.2893901892741273
04-20,-0.09784962289307929,0.2314031209972045,-6.649123738795051,1.9119974604361811,4.134422009302578,0.5531331329708636,0.7664587914443642,6.738452464874781,0.4018933753522235,1.3294216683287692
04-21,-0.11890339942763727,0.23412074202587385,-6.804098820455166,1.9064516795028361,4.161173366447758,0.5286709680069016,0.7527882553012156,6.8621579757365305,0.42756251713994614,1.389677989070564
04-22,-0.13980162040663974,0.250216140832321,-6.961555846559723,1.9042454491922058,4.1784169696225355,0.4963866158635216,0.7542869606197389,6.95045343890046,0.4215777722292818,1.4288217591069428
04-23,-0.16395539694119773,0.26631015074987935,-7.088876761553171,1.9033985498841106,4.196831236093752,0.4977859995908926,0.7547040725116129,6.974147480070602,0.43854031484655237,1.4682271238634503
04-24,-0.1802091734757557,0.27033749400077106,-7.203253232102173,1.8906096084880029,4.197097700752722,0.4548213297355602,0.7573771090212557,6.9609372485319465,0.46601707280686394,1.493056305694079
04-25,-0.1954310055658692,0.270598170584996,-7.332921369317844,1.8745653212510358,4.195895984550639,0.4322562371928096,0.7888240717627366,6.90789108460446,0.46871008999999564,1.523840309075347
04-26,-0.2073042265448716,0.26754079161366545,-7.444643673200179,1.8583689001883907,4.1834521499293755,0.42827036117070244,0.8271358597755478,6.863254551034391,0.4640367110188124,1.5511729814212598
04-27,-0.2211107808572074,0.28287646819789053,-7.555990977082515,1.8398587255229613,4.1799590589,0.4273736525866255,0.8554487248531413,6.773606983597782,0.46505153953906336,1.578453239000573
04-28,-0.23167983516954327,0.2902496447821156,-7.628724392075963,1.828597150796594,4.171007736008466,0.42456375042937955,0.8868020549823952,6.732944532919446,0.45524192862984836,1.5988880978065718
04-29,-0.2582850005929902,0.315920043588563,-7.711617529291632,1.8040876314650298,4.162851384251835,0.4200518030498946,0.8717209075289124,6.687538060331144,0.4643707562676465,1.6277012037121832
04-30,-0.2957943326831038,0.3451112757283437,-7.758535666507302,1.7902525019233488,4.148880036837752,0.41748708966160725,0.9136072654811992,6.680376084104019,0.3843996073250496,1.6679746842730214
05-01,-0.3384175536621062,0.3857677856459021,-7.824576025945194,1.7801084152355344,4.142337641790106,0.44059586453460614,0.8999433200664952,6.60180233895219,0.40919220921036104,1.6678028911980292
05-02,-0.3765352190855531,0.41340207334123824,-7.886770552049753,1.7870326112621413,4.140756699119705,0.45400513272373183,0.8902682728488049,6.584933808975656,0.43795900064026766,1.6907165693087407
05-03,-0.405602884509,0.4410002499254633,-7.946580355932089,1.789545310244338,4.137841404612609,0.4374660151196686,0.8745599866639534,6.5557916231391,0.40844079248902476,1.7123406769631209
05-04,-0.419717772154669,0.4677109265096882,-7.970751270925537,1.7891095812957294,4.136765745936221,0.4577148387637852,0.8403231749133757,6.608918846607807,0.41199548323472385,1.737204828289073
05-05,-0.41712988202256013,0.4837841030939132,-7.9681777414745385,1.7842987376986843,4.131552351537938,0.47443436906057884,0.8217531510926005,6.725700624750647,0.4287553893068719,1.748153988909487
05-06,-0.3983544918904512,0.4884822796781381,-7.9727014342457645,1.7790049622630202,4.13122910555985,0.5098040550034194,0.8121687606716078,6.836976189769859,0.4326526354184944,1.7938106004229035
05-07,-0.37830826842500914,0.46891240070680773,-7.939041793683657,1.7637522715370018,4.1120539944767325,0.5525985526192261,0.7853205674175002,6.920678287341973,0.42106710483012844,1.8268809474375565
05-08,-0.3535773227373449,0.4490800217354772,-7.8824502086771036,1.7511049312823168,4.09722434130905,0.597360357876015,0.7777344752355501,7.022820670616264,0.42941887944350354,1.8632350511582871
05-09,-0.3311852659385696,0.4268087538752577,-7.80408501255944,1.7356590899481696,4.084510026033073,0.6707193375048073,0.7928369119047964,7.153411243394857,0.4288103617680586,1.8801814194493354
05-10,-0.320272375806461,0.41978193045948275,-7.7706559275528875,1.7256263168626447,4.085671638070593,0.7022298072890621,0.7663304294373702,7.238892147788411,0.4384395264340516,1.883092770639196
05-11,-0.3185594856743524,0.41119121815481874,-7.7668504536574465,1.7141318953650122,4.086973906469161,0.739106130582619,0.7607886540098405,7.257249369357061,0.43757177582926243,1.8947517448385673
05-12,-0.3270618733200216,0.40723245029459926,-7.793235257539782,1.7025124468568504,4.088147404043396,0.7408594750179994,0.7661450396922259,7.251330311956459,0.42868522600867437,1.8970519701057071
05-13,-0.3302003720768019,0.4004278491010465,-7.833645061422119,1.6804578074825747,4.090994348175671,0.7339408340542539,0.7439421803022528,7.253872795317811,0.4194717765027547,1.904362544974448
05-14,-0.3329541486113599,0.41559130346304934,-7.894499309748899,1.6637139723813066,4.103847779599556,0.7219323449272832,0.7406782542222186,7.2777088060976896,0.3940563751900144,1.9185372242312129
05-15,-0.3361773695903623,0.4284714244917187,-7.9438674469645685,1.6508826524657758,4.123497052094495,0.7478623001714612,0.7213727639931067,7.307929023961587,0.37572708368146335,1.9191967041169964
05-16,-0.34648670168047585,0.43612932329816584,-7.995966139735795,1.641888706631238,4.1509198024464835,0.7634891886638621,0.7349791517532817,7.327807945969054,0.3536307289847775,1.8769393446949438
05-17,-0.3623863115483672,0.433351110993502,-8.034852332507018,1.627614082775737,4.17256900331473,0.7426795804496197,0.7534275066440866,7.281752874116433,0.3431396721876295,1.8512432484810752
05-18,-0.375605365860703,0.4315923431332826,-8.075105191944912,1.610706155239478,4.203278948332607,0.7573525452226436,0.7180835046421202,7.26391403016337,0.33272848090789886,1.8488332448817006
05-19,-0.3919230312841498,0.43716274193972976,-8.100726106938358,1.6080985481240961,4.226511848592914,0.7387529518060918,0.6807874074169253,7.342281244058103,0.34473096698893146,1.815566464443834
05-20,-0.4113490300409301,0.4423831407461769,-8.116349799709583,1.6119334539556587,4.249047625949,0.7247488468761152,0.651067714108858,7.3556297088275535,0.35716974603479934,1.8152256682375574
05-21,-0.4347680843532658,0.456616039552624,-8.129610992480808,1.6192598174124149,4.2525872762762775,0.7426840706959214,0.6179983662413238,7.328138690092787,0.34402701738152625,1.8032897564707426
05-22,-0.45759963866560155,0.4725711605812934,-8.135333296363145,1.6206750357582378,4.253726096249712,0.7338738332841721,0.5536396665841103,7.273183537149064,0.3237681863454427,1.793504071284554
05-23,-0.4767881374223817,0.49040822605440715,-8.125852822467705,1.6164496724498827,4.248024963061663,0.7397768823054669,0.5221358081114491,7.142638877544603,0.31322140741422216,1.7682220259753672
05-24,-0.4936919139569396,0.5098133470830767,-8.132293181905597,1.6165898456003205,4.249699974685415,0.7270361072355808,0.4866723403915362,7.081923823464106,0.3048963547679371,1.7552946490726768
05-25,-0.5004540238248311,0.5251129125561905,-8.135408541343487,1.6173744116989688,4.252302929308189,0.7327114792905839,0.4496678981775448,7.11314004915696,0.30867822870227946,1.7604848297257687
05-26,-0.5067522448038336,0.5335402558070821,-8.145753067448046,1.618562108109919,4.256313233923659,0.7549958294045618,0.4102979487771762,7.121341382311127,0.30718659991463315,1.7615540244966688
05-27,-0.5139185213383916,0.5352870435024181,-8.146046204663717,1.6150760822874115,4.253686508456298,0.748162240841264,0.39523291743945416,7.073829514933245,0.3181981557506777,1.7524857163238885
05-28,-0.5310167423173938,0.5461143867533096,-8.16804767521272,1.6042101299026976,4.252844764823833,0.7413370386023602,0.3834073653874174,7.046415661456259,0.33197851123595884,1.7499582478769355
05-29,-0.5551066299630629,0.5692111744486456,-8.180297756872834,1.5995619185361234,4.249535740957857,0.7146302526899788,0.3994679336349597,6.919500784793057,0.33121306790406474,1.7268426896015787
05-30,-0.5706451287198431,0.5794024065884261,-8.211546449644059,1.5936723341943477,4.251283825366515,0.7395434141815559,0.413100336191861,6.810760382428041,0.35844448417721725,1.7029923496711683
05-31,-0.579048905254401,0.5774686387282066,-8.197786809081949,1.5946029141344928,4.247122946448985,0.7683632933537901,0.37414296665143837,6.77280226098593,0.3264331613039243,1.6996073993919125
06-01,-0.5730068484556256,0.5635682042013207,-8.195945224075396,1.5855943903732772,4.247045875697076,0.7589729989278302,0.3544536988095228,6.7963936793647655,0.3018798879473284,1.6960247826760517
06-02,-0.5778439583235168,0.553376103007768,-8.175027250179955,1.577242352987003,4.243516849961999,0.7355014088117877,0.3527352425490572,6.736226092632791,0.31409753158697934,1.6770189255248884
06-03,-0.5941866237469638,0.5401173351475487,-8.202673165173403,1.562026715123701,4.246760471159117,0.721076694737139,0.33948299217396044,6.54305132446492,0.3081251927991332,1.631362041936483
06-04,-0.6152681780592997,0.5259807895095515,-8.239416302389072,1.553028368545604,4.250530845625752,0.7158899013852401,0.31736425728467654,6.421089991270929,0.3141678586300667,1.6140897178786227
06-05,-0.6393580657049691,0.5174178549826655,-8.289192772938074,1.5458968213004933,4.252932758984126,0.7236680740848137,0.2925928901988015,6.3479564773822945,0.3114810292284321,1.60621675969696
06-06,-0.653050731128416,0.5323451982335572,-8.322274799042633,1.5523923180937007,4.263773311469579,0.6955771333796722,0.27856082240565466,6.153698296061859,0.2970571918607441,1.572357716712715
06-07,-0.6695489521074185,0.5445128192622266,-8.32686099181386,1.5497891020398848,4.260490727155756,0.6836159402308994,0.23973430963190415,6.0769134192103555,0.26429359326989915,1.543329053012047
06-08,-0.6788263397530875,0.5601790514020072,-8.321893017918418,1.5501907888894764,4.252144583594049,0.6607641042729883,0.23458496768210102,5.923357070261089,0.2623108185241985,1.528151737094339
06-09,-0.693513449620979,0.564228616875121,-8.319811155134085,1.548624853791022,4.23606029855991,0.6370164305016953,0.24167225093490302,5.857647883300043,0.2528674241787009,1.5306251293902866
06-10,-0.7068491705999814,0.5752087379037905,-8.325183459016424,1.55857519500111,4.231889807036027,0.6395832865998656,0.23767024861372638,5.897451766028048,0.2533370133785694,1.5389812455779681
06-11,-0.7220682249123174,0.5885791367102376,-8.318598818454316,1.570284730097426,4.231244589208462,0.6565740704350738,0.21107657019785592,5.733546825883493,0.2618241613945534,1.4944960433343175
06-12,-0.7399178347802087,0.5993425910722405,-8.306343344558874,1.5830568854387395,4.229302930918209,0.6476455586548385,0.20276729655964484,5.639582709106838,0.26896390479271914,1.478459112526688
06-13,-0.7589243890925444,0.5898768787675767,-8.263621203996765,1.5920052511931402,4.214861246243939,0.6690916092585598,0.18408776743318994,5.57155529124679,0.3079223205302525,1.461750963584466
06-14,-0.7776920545159913,0.5690458886851352,-8.236699063434656,1.5953207783724535,4.193883564326471,0.6832619359448916,0.2034302276192557,5.441980738168904,0.30648870514905363,1.437099810550661
06-15,-0.7874319421616605,0.5493315652693602,-8.170010256205883,1.5944697023118775,4.162408329355887,0.6938164737494991,0.19144688953080344,5.330126213738647,0.31948005603958257,1.457794929258958
06-16,-0.7934593298073297,0.5389825196313632,-8.10107978231044,1.5943157479907464,4.135821577871173,0.7012843776465943,0.20571181125893198,5.295887735852941,0.32923863730907554,1.4462633080734038
06-17,-0.8044158841196652,0.5399931962155882,-8.024442363970556,1.5986003798023278,4.101153191731686,0.7194969651141584,0.19228980041609287,5.274085391658079,0.35331111043582586,1.4318749343476487
06-18,-0.8157391050986676,0.5384372061331465,-7.982798001186224,1.5992782586978997,4.0684316236265365,0.7209321589679739,0.21307169799334583,5.142750394879416,0.3757710728813274,1.4553494895935106
06-19,-0.8288526038554479,0.5356492716062605,-7.936400860624116,1.602605898095871,4.031475782777576,0.7379524741745207,0.2365309270640466,5.0571512682693,0.3924407273013841,1.4553869444252052
06-20,-0.8363744359455615,0.5255668926349302,-7.865912053395341,1.607076998735744,4.010092220447039,0.7436842576585687,0.24635085930120984,4.962737789654914,0.40011341491254143,1.4327661314234457
06-21,-0.8432059902578972,0.5180831247747109,-7.7807565794999,1.6178308545451319,3.990853771269979,0.7711329410435239,0.25997799047000264,4.877000463132704,0.40927449207890326,1.4035047642297032
06-22,-0.8526931001257885,0.5138549124700472,-7.716635827826679,1.6246791494317812,3.9794390885288835,0.7980539418063162,0.2409956609612624,4.7905611660933785,0.4424153092476789,1.3777701281818044
06-23,-0.8647899322159018,0.5111794779431612,-7.670406742820127,1.631016816347616,3.9681660961595457,0.813849908754936,0.2390338847792636,4.801333362481087,0.47236123652142586,1.370524800546918
06-24,-0.8956270420837931,0.5060526545273863,-7.634099880035797,1.633277413495296,3.95787488939115,0.8123297680412275,0.23452444796852928,4.793051671562297,0.46880316353525375,1.3743485606855854
06-25,-0.9330502630627956,0.5038508311116114,-7.5925555172514665,1.6412573667659824,3.9437167694569193,0.8062150542213186,0.23955291708888163,4.702788005461074,0.4807612510702024,1.3534582385725862
06-26,-0.9723054284862425,0.5049490076958364,-7.5007750433560245,1.6555608422093389,3.9213851875240024,0.8199624246347427,0.2749402118486628,4.611611115295403,0.4918535473222525,1.332615918559584
06-27,-0.9988925383541339,0.5107860731689504,-7.377001513905029,1.6823676299033108,3.895054525843267,0.8337425439633508,0.2893420478135305,4.506252102019012,0.5049235077835869,1.2859128778585327
06-28,-1.0158088148886917,0.5127578608642865,-7.248543262231809,1.702370439904844,3.8647338836029754,0.8377492597926264,0.289581551609726,4.510470362899141,0.5017783675650382,1.2754078460972353
06-29,-1.0323084247565832,0.5224282596707338,-7.09404751055859,1.7186720069924544,3.8267387708369482,0.8318938039710644,0.3172240817516482,4.447812261905925,0.5014616539224673,1.2660028183511078
06-30,-1.0471274790689191,0.5419181029216253,-6.931969814440927,1.7255679910252324,3.7780302141959647,0.8288077653466505,0.33479402804659214,4.353113011548234,0.5014765685867162,1.2300769345729299
07-01,-1.0594229222701441,0.5663510017280725,-6.721907396101042,1.7305018647925543,3.71920368831038,0.8293540244726311,0.33971004608943295,4.237931503307748,0.48041483892299935,1.2110540481636278
07-02,-1.0637961432491465,0.5767561227567419,-6.531585255538933,1.7294436176170649,3.6597624323727636,0.825089368364692,0.3606482160708463,4.182478071068999,0.46643942846964515,1.1941049638140568
07-03,-1.0640457531170375,0.5817612437854113,-6.347875614976825,1.7304409850422464,3.6068172288140055,0.8176035509118126,0.37961432585370863,4.236182569819642,0.46840890651428674,1.2103928377650102
07-04,-1.0627981407627065,0.5872441425918584,-6.188950696636939,1.732107058923457,3.559293146624705,0.8089940168810662,0.39269667621737087,4.257689498661648,0.44606854088672754,1.2154201991120757
07-05,-1.06253247285282,0.605822874731639,-6.012374389408163,1.7431811722073765,3.5138143906060253,0.782396155343058,0.38111376621019716,4.233440123752084,0.4460029703324766,1.2035625633058051
07-06,-1.0704515271651556,0.6149557735380861,-5.83254530440161,1.7490019252648483,3.4640057615774005,0.7667752998409548,0.42065704869435655,4.217708629570783,0.4103170392031466,1.1880422259450716
07-07,-1.0885511370330467,0.6329567279000887,-5.666359274950614,1.7698039056450758,3.427823751670372,0.7386968509751708,0.414821819559499,4.217037725627306,0.3607713327869052,1.1780664424516312
07-08,-1.1060118580120493,0.6456910155954247,-5.527516301055172,1.785136567288754,3.3988213424733367,0.757945565387493,0.4188298569370749,4.295201192326365,0.37396942009060236,1.1662364628773216
07-09,-1.1127100789910518,0.6570572477352052,-5.358796938270841,1.7991835596315546,3.3670968124141236,0.7817201291820423,0.40144242755696,4.271792273016962,0.3844838458096727,1.139265636566673
07-10,-1.1115985777478319,0.661395702097208,-5.1890289643754,1.8041474049297619,3.3258758456704727,0.7578083905656141,0.39742040734728007,4.108448109443136,0.36661644857435843,1.0819715395375906
07-11,-1.1126245765046123,0.6583063786814329,-4.9703234904799585,1.8099800700284252,3.2737683239153497,0.7720282651252794,0.38288270390012014,4.216663329381548,0.3743299699513291,1.1087510307825486
07-12,-1.1178422419280591,0.6541739997101023,-4.753598572140073,1.8213085150968402,3.2320036423836673,0.7785733140513376,0.4082698131764931,4.243155187222977,0.3651365903810198,1.0858770756797909
07-13,-1.124133518462617,0.6487930096276605,-4.5029236538001856,1.8267661408409006,3.1922273997048483,0.7799387726887352,0.42999686387501246,4.256056058497837,0.3572122842065745,1.0638107392070306
07-14,-1.129065072774953,0.6535842417674411,-4.2876987354603004,1.8327528790048875,3.161371867232343,0.7569731020178653,0.4393989320780189,4.2608862767807985,0.34864517428246516,1.0317215968939342
07-15,-1.1355702381983999,0.661707418351666,-4.1072404837870815,1.8442103585956986,3.1291242730249085,0.7506563066834178,0.45603565118990336,4.3337482223927575,0.3600986928606852,1.0275246449293514
07-16,-1.1425226258440688,0.6678819838247798,-3.9412044543360842,1.86939615949671,3.10404207981732,0.7612283243800969,0.505312969746511,4.29501197117369,0.3778613694266635,1.0313466001182898
07-17,-1.1497569579341826,0.667114882631227,-3.756187869329532,1.8947694711720897,3.0758704669376318,0.7491710570479142,0.5573039608587307,4.354427979081261,0.3655665590663338,1.0043145610278152
07-18,-1.158230178913185,0.6702644481043408,-3.5584282287674243,1.9185274841861173,3.0532179837042466,0.762854508357747,0.5892044780622202,4.288718578633911,0.3763611411212047,0.9680981932978827
07-19,-1.161472844336632,0.6822834580218994,-3.3476783104275385,1.9287507478743198,3.030701529095142,0.7864504292705347,0.6106575592657344,4.306507030842776,0.3867922440035586,0.9462170771437287
07-20,-1.1634932875378567,0.6979371901616798,-3.1448450587543193,1.9316950139039328,3.006362326366233,0.775253543190456,0.6027079289812097,4.346699178227562,0.383855872515848,0.9346114017726624
07-21,-1.165931786294637,0.7035645334125714,-2.941281251525544,1.9273576357352002,2.98049366782289,0.7643996905958571,0.6265401762626144,4.277500806734344,0.40958044399398663,0.887854561583773
07-22,-1.173509173940306,0.6967557655523517,-2.7389924442967697,1.9285213332993143,2.947292607133848,0.758962972992414,0.6376922975708239,4.350830505472891,0.39774498465625363,0.8898037985340784
07-23,-1.1836629504748641,0.6868094976921322,-2.5252216926235502,1.9348434864995605,2.9215604734306386,0.749431990874003,0.6712259772595477,4.332954357282928,0.40291101242057725,0.8563327586924262
07-24,-1.1862097825649778,0.686121563165246,-2.2736356631725534,1.941651495938294,2.8971696973856145,0.7295915288949572,0.6877611794952653,4.287908795154233,0.40975033245784537,0.8040455247131162
07-25,-1.1826830035439804,0.6859419619716932,-2.016353800388223,1.9432800448904672,2.8779070910536806,0.718830843788113,0.7159759503618387,4.358479980815662,0.4296550543888091,0.7829779790526252
07-26,-1.1758291411896493,0.6809047218892514,-1.7748566598261146,1.9394540074521938,2.861702696665048,0.7235823681347345,0.7299874990693811,4.483646364202461,0.43680591479417435,0.7885222733209907
07-27,-1.173358612168652,0.6666091484734765,-1.561577111856599,1.9322059999985157,2.845204518423649,0.707348484432195,0.779983608832262,4.525823518961414,0.42631534458962944,0.7802832177167409
07-28,-1.1701873887032097,0.6571712139465905,-1.3356813601833795,1.9298510315961217,2.8332950641975283,0.6974049406939017,0.7796071941596414,4.504334765856907,0.4092525923591139,0.7525504988826984
07-29,-1.1672613041266566,0.6440853627530377,-1.1189328307323823,1.9301944229004562,2.824650299016131,0.6847953336540045,0.7968788740420559,4.544624749920406,0.4077089699622309,0.7173087987688472
07-30,-1.1602185528834368,0.6236578448928183,-0.8893875420221259,1.9329174075171824,2.832672610935976,0.678683904109482,0.8188268812549632,4.551076018203333,0.40315653364750836,0.693497038722871
07-31,-1.1563639960846614,0.5928060214770433,-0.6763862347933509,1.9368341826017927,2.8400436885531626,0.6634657011094198,0.8500570797284135,4.583578609573729,0.388408794571613,0.6363744569571449
08-01,-1.1491941615081083,0.5656319758390461,-0.4508682608979093,1.9440458287644968,2.8453359972314765,0.6721514968848608,0.8684717356784217,4.572048139803807,0.38274504024772615,0.5847262994213397
08-02,-1.139027104709333,0.5521162635343823,-0.1990308425580233,1.950072807498476,2.838369885819095,0.6633180421879286,0.8485986263638504,4.452801344638382,0.37939888708208663,0.5337727064547978
08-03,-1.1279656034661132,0.5619866623408295,0.04794129800408483,1.9570481471111958,2.827389965267449,0.6512793088120732,0.8590226045923932,4.42209580600135,0.36933834900589774,0.5255386209331379
08-04,-1.1075957688895601,0.5726723389250545,0.2689259385661929,1.9485899176244805,2.811599823358098,0.6655410890210748,0.8732752021806014,4.365741146404443,0.3775973262498662,0.5140620538628019
08-05,-1.0853078787574517,0.5807552377315018,0.435409190239412,1.9351403381146168,2.794106383382156,0.692534980337766,0.8557838991326802,4.35992820737161,0.3915244511087234,0.524422467322692
08-06,-1.052481099736454,0.5753992476490604,0.6033007752459644,1.909503252567161,2.7781683660499468,0.6904641318660335,0.8545279130137843,4.37842307345183,0.40483834703810695,0.5445973374977345
08-07,-1.0313987651599008,0.5766974242332855,0.812753471363628,1.894695779603153,2.776051788862212,0.6753024874545076,0.8446643547000183,4.3295532091828575,0.38345978304464506,0.5419760237046835
08-08,-1.0159678194722366,0.587528934150844,1.0450756119257363,1.896171912097463,2.791114053157187,0.6582550475273418,0.8454859326690392,4.309550330604601,0.3877800699009203,0.5132975460900533
08-09,-0.9986910404512391,0.5927951662906245,1.2733741413767332,1.9019911880482059,2.813515194543516,0.6723392939854265,0.8901372462960445,4.360525177849239,0.3918868422940126,0.5027973718224324
08-10,-0.9775628725413524,0.5910544539859606,1.444301837494397,1.9067226587788564,2.8290941854726928,0.66422131251328,0.8935864957675125,4.2882547465307,0.393086134815962,0.5251684802382819
08-11,-0.9513138712981327,0.5774595750146299,1.601911478056505,1.8982511414641703,2.8320810366113456,0.6458209347701888,0.9023975868951988,4.215757455790988,0.3703501330159133,0.5100545133814666
08-12,-0.9331245922771353,0.5829730293766326,1.748086396396391,1.8990403413641006,2.8401764105039375,0.6384710603302693,0.9125288838339267,4.186955106516036,0.3651916843322241,0.5345548739018634
08-13,-0.9079769799228042,0.5951975948497464,1.9314557591807215,1.898747558071815,2.8414506680713636,0.6181131089284734,0.922499146737895,4.146558696701933,0.3398810694226097,0.5343098104307187
08-14,-0.8753974231240288,0.6103318825450824,2.115325121965052,1.8904110427212093,2.840684784776746,0.626836237708598,0.9244656083830827,4.005108236209065,0.3358939232524929,0.5582655510291398
08-15,-0.8332748107696979,0.610484225795974,2.2671458736382717,1.8640611130984404,2.8378710347922222,0.6105096547376432,0.9095107429962986,3.9642592842005424,0.3230589675068067,0.5905891416724841
08-16,-0.7918383095264782,0.6136754579357545,2.3958360697559353,1.8338794190652006,2.852981266989877,0.6166405411725994,0.8798267433413968,3.754448403126823,0.33464400770930924,0.6147305578718781
08-17,-0.7464170860610361,0.6150222456310904,2.5373345992069325,1.8090646022922368,2.8722249933041657,0.5996544542054539,0.8521609099834174,3.745039377997353,0.33934748138160403,0.6146494285272902
08-18,-0.7012847514844829,0.6118565333264265,2.6988553508801516,1.7944072736962762,2.8766225736332522,0.5873501875294103,0.8609552284791486,3.6615181615305286,0.350046382708846,0.6393657260354659
08-19,-0.6494926946857076,0.5924908210217624,2.8678649914422603,1.7832064792343774,2.8798780595518365,0.6064214606585838,0.8788901602347321,3.5909530462970753,0.34296877840934775,0.6909438335643602
08-20,-0.6001589712202655,0.5784598309393209,3.0207079653377016,1.774282905413551,2.8897319471843095,0.6133706783044688,0.873488465962457,3.646902595732454,0.3110810397625924,0.721088066693196
08-21,-0.5475127477548235,0.5710899519679901,3.1865939947886983,1.7647973331473408,2.9211678582258513,0.5899496230900916,0.8565998639704638,3.6653905179034436,0.304315101359133,0.7561651330628067
08-22,-0.4961401354004926,0.5722867396633261,3.34268696868414,1.7530566921772934,2.9525031254674765,0.5837810519416952,0.8453068529740266,3.722220876567176,0.2936083676173532,0.7875549138663552
08-23,-0.446427245268384,0.5822321384697731,3.484335498135137,1.7464677442295835,2.985312329726112,0.6030867008283594,0.8193921092121903,3.6960951045120725,0.2927026631013555,0.7949425971558427
08-24,-0.402481021802942,0.5949247594984424,3.659749305363912,1.7350843773985682,3.0237041536261877,0.6051053449558896,0.8128608904800437,3.7663492775496774,0.3051308215260515,0.8225813573659426
08-25,-0.36439104833749997,0.6251972416382229,3.8044853348149084,1.734798721868679,3.0550328344592637,0.5793331300059795,0.8068926118797037,3.770090366872271,0.2960105175228588,0.854854174106222
08-26,-0.3262982970942802,0.6533419460002255,3.934416734636276,1.7296551521860373,3.0838762484233726,0.5728379123005112,0.8003978067584981,3.7527059385777277,0.29997214628537955,0.8734681338997597
08-27,-0.2926034625177271,0.6809984559177839,4.007319430753939,1.727603625887362,3.0983138548439,0.5618831596132124,0.8065790697461075,3.8189127101955878,0.30637391514370055,0.9033496374640199
08-28,-0.26539821127450736,0.6997056602797868,4.107242960204936,1.7193336572444717,3.1257328301420717,0.549891002673499,0.7708285487397825,3.83030040432066,0.3098780006176551,0.9310553618284575
08-29,-0.24563740447573212,0.7230725868640118,4.1843113970633405,1.7120010002054649,3.1432939821226142,0.547828119046849,0.7896571765880794,3.8789623220486296,0.3160398392162584,0.9292043687123509
08-30,-0.2290606254547347,0.7484888190037925,4.251509926514338,1.7047802260622396,3.162427315996871,0.5168560582841658,0.8104960255354882,3.856148805423881,0.3246341378282527,0.9213896945464455
08-31,-0.21420884643373714,0.7766731066991287,4.311276511520891,1.6960066723567253,3.1808084988521608,0.5155703812152123,0.8059695154198061,3.839047668699578,0.32418309166861614,0.9252671768037476
09-01,-0.20163067852385055,0.7977893388389093,4.358081985416333,1.691965127941357,3.2033314604655794,0.5076238434312946,0.7980898824827592,3.9098005608034097,0.3313019129847575,0.9332191208600403
09-02,-0.1900969550584084,0.8106764043120233,4.403533292645107,1.6874982650458552,3.227798527156317,0.5216841889426784,0.7993145636585197,3.966095719243912,0.3550890230942663,0.9358728007259322
09-03,-0.17476739825963297,0.8149190253406928,4.4490609887627715,1.6899913979641734,3.250950572032662,0.4923373655926281,0.7902514670294187,4.0563542169327045,0.34876542660394394,0.9519792789205791
09-04,-0.14775728590530204,0.8117033130360288,4.519380351547102,1.6895906760455006,3.273184366152259,0.4665320138836927,0.8029299376939235,4.099679808971292,0.3598816208411208,0.969792320378858
09-05,-0.12424022910652673,0.8144653785091426,4.5715455476647655,1.6977847612114865,3.2905122700379312,0.4632095209136472,0.80189231582097,4.079448456936237,0.36751726190465905,0.9766336284375151
09-06,-0.09804678341886258,0.8215107773155896,4.5805399104490965,1.7062669953473888,3.2994208709534,0.4801309778587349,0.8066010658908982,4.0899185973566885,0.37687543628403114,0.9737518970144163
09-07,-0.0751158377311984,0.834129787233148,4.57341899545565,1.7136673802566358,3.3050425286504317,0.46310582611461965,0.8383672092107907,4.0725310719784025,0.383260912589356,0.95438332503442
09-08,-0.043582114265756346,0.8478890749284842,4.591031413795534,1.7187782984255298,3.3086081277198827,0.46329669616049046,0.7959622462149796,4.1287062188273564,0.3491746400551114,0.9903522014596076
09-09,-0.0047358908003142216,0.8713191959571537,4.636835498802088,1.7259796232146716,3.316173930012679,0.46057954410708274,0.7696192889629633,4.292504218048953,0.340507730478735,0.9843998160806221
09-10,0.03182838822068342,0.9004173725413787,4.697643750475307,1.7377565254900682,3.32927542268361,0.433962255192063,0.7213815587735062,4.335764938792846,0.3385564924354986,0.9964787856821646
09-11,0.07181766724168105,0.9214030491256038,4.731252002148526,1.7398452056539078,3.339628280324393,0.4430641752213534,0.6662594930609915,4.336045644219191,0.36125733531759735,0.9872234986153349
09-12,0.09762777959601197,0.9302387257098287,4.724407476043968,1.7388576034269896,3.3494079129563215,0.44385358390448754,0.6152329888587862,4.218359619828059,0.34780760537034716,0.9457413369408805
09-13,0.1162767808392318,0.938757735627387,4.716933783272742,1.7430177042693924,3.3598513764843125,0.4451361154534153,0.6539047608413737,4.3204212330795295,0.3533679255022202,0.9233796971882984
09-14,0.12136744874911831,0.9617198011005009,4.731844812723739,1.758058679019104,3.366678902958965,0.4609018279381727,0.6678284275309839,4.3647440558075425,0.3819193678582927,0.9423586376863423
09-15,0.1285497833256715,0.9837207554625037,4.780722508841403,1.7720106067648418,3.3750871047166733,0.44578674006767394,0.6690534205483892,4.396359180675928,0.35526612632471183,0.9075596957524894
09-16,0.13484045123555802,1.0066342098245065,4.835380760514622,1.7813492873590973,3.3852291331260034,0.43551378065267377,0.7081553443644601,4.56145601514946,0.35856331034338057,0.9293870206422398
09-17,0.14815889692322223,1.0269587752976201,4.860139012187841,1.800838145878285,3.4088195283774687,0.42893630659762966,0.7321278621062849,4.67284339940728,0.3760731874765533,0.9561913718865145
09-18,0.15709400927755315,1.0552000074374008,4.883231986083284,1.8268984344583554,3.429892793588055,0.4015384277854302,0.7661886749200915,4.708600798216383,0.3517116229303078,0.9335044007002891
09-19,0.1670166216318841,1.0736648506882922,4.901694404423169,1.8582031456731372,3.445727178877053,0.35994952011551123,0.8019932060993025,4.704257029560032,0.33716858807144984,0.932121832783452
09-20,0.17370728954177053,1.082432471716962,4.9416332116519435,1.8845907047334005,3.453546874716823,0.3455193402326858,0.8373702828877556,4.612028327735772,0.338343169015289,0.9201141162804528
09-21,0.1875715685627681,1.0878487038567424,4.95962062999183,1.9102011081128873,3.456757662505543,0.3539481644996091,0.8792930462463223,4.448195606668832,0.31091791160329874,0.8829824837147942
09-22,0.19746084758376567,1.0843954915520786,4.9684274927761605,1.9288222490261615,3.456107009535844,0.34715954075247535,0.9010800737638553,4.237034379607855,0.3176880782880979,0.8591932215627336
09-23,0.2083529043825411,1.0902728348029702,4.893506577782713,1.94858934673341,3.4403457687391685,0.3600840669550958,0.85778519253369,4.123124320871069,0.31706389394550866,0.8442389530546656
09-24,0.21557690562576096,1.0765446224983062,4.854462051678154,1.962083359477283,3.426204902604488,0.37859004016568654,0.8970810927992963,3.9762379322734813,0.33548613133351807,0.8268473311035512
09-25,0.2296981290912031,1.0681927990825308,4.799624470018039,1.9790899521059186,3.4079534942426046,0.4002725995121559,0.9102404568633238,3.981814182577067,0.3367751920408738,0.8510623494653812
09-26,0.24716657477886736,1.0547784756667558,4.807852166135704,1.9876970849147242,3.3997976071532054,0.43344889162483213,0.9250572515268254,3.9101657396755174,0.352774976024743,0.8503114028172328
09-27,0.2769155760220871,1.0555780411398696,4.762750695586701,1.9956406213032605,3.3773677327969787,0.4388113022436962,0.9609935502029588,3.9047023866986197,0.3757956326923963,0.8708213522878411
09-28,0.30886179948752907,1.0537914955018721,4.74083533614881,1.9978169511510544,3.3679293644762893,0.4220044850557578,0.9418620161781086,3.9326254191272336,0.3866735153539778,0.8914068127253616
09-29,0.33622330073074896,1.0534855054194308,4.742028310044251,2.003200733123324,3.366992062667818,0.4187217379305969,0.9389913435375792,3.9883153374457807,0.3699523422838782,0.8970998435644807
09-30,0.34954591308507993,1.0537489597814333,4.761635172828581,2.0042518452770364,3.3712301821494925,0.41831079383281405,0.9784624443850808,4.010694071653569,0.37544517631593305,0.8985091035818707
10-01,0.36245046988385526,1.0500957474767694,4.776422591168468,2.002886517031361,3.3725253630212664,0.4222762926597944,0.9966047451694425,3.9926609420813124,0.3687081592721938,0.8899787737601499
10-02,0.3848314155715194,1.0278550351721052,4.777421120619464,1.9971348699409577,3.368149862062229,0.4212260739617691,0.9879269531315616,4.007707861258429,0.3638243915385076,0.9222310159952777
10-03,0.4081943057036282,0.9964087673118859,4.764664094514906,1.995457463588165,3.365891870502487,0.43682189673464533,0.9724996371399394,4.039319058625646,0.3626919380849584,0.9485560588707606
10-04,0.42447664028018134,0.9606888883405554,4.736655679521458,2.0094139338459955,3.3689209497576544,0.4497223428800451,0.9538925403884745,4.040790575268297,0.3460843672739254,0.9481140140360731
10-05,0.4335756415234011,0.9249537315914472,4.745968097861344,2.0228978137775244,3.3844955812702544,0.48540723146929743,0.9592366284017774,4.132330721751815,0.35705345626734164,0.9775472148903628
10-06,0.4433288094332875,0.8816394081756723,4.77779301620123,2.0280976890805147,3.4025567361366034,0.4907882765908566,0.9337892682246267,4.243701172744744,0.35357969656026905,1.0167475427093988
10-07,0.45431531067650727,0.8446223069821196,4.803137378985561,2.0173287348411257,3.412383674457369,0.5276147785776757,0.9063432818810363,4.236113659123964,0.361536617145549,1.017069965344885
10-08,0.4521295896975048,0.8225732613441225,4.790728963992113,2.0082971816285244,3.409131354016249,0.5670156220921376,0.865359822512766,4.255678257890114,0.3592170397195036,1.0072905039724105
10-09,0.4390383131629467,0.8101492157061251,4.776548326776443,2.0012589193153123,3.4102513863075212,0.5904542299540447,0.8659171747502781,4.237642007237242,0.34061846376208144,1.0157464305466675
10-10,0.4186387032950554,0.8071918367347947,4.769909356227441,2.001135622440495,3.4127682306935454,0.5995967271554596,0.8608594678896372,4.358223702913313,0.3287214247864278,1.0321745483749685
10-11,0.40547381564938645,0.7980789022079083,4.721898163456215,2.007175778599973,3.413591570765167,0.6077893782069368,0.8907463962973209,4.519641719510208,0.3392293150016715,1.0843309197583368
10-12,0.40769365022593956,0.7902034676810223,4.674267526240546,2.021250574478361,3.4170102138637772,0.6252859116620828,0.8659880156374067,4.730469855979102,0.32790611039534906,1.1154145362209695
10-13,0.41182737369138156,0.7819266442652474,4.625035500135987,2.0380093785017874,3.4168620201401994,0.6531438933563178,0.8632981536815353,4.691785620012211,0.34220309777392416,1.127376679425304
10-14,0.4234833193790457,0.7724164875161389,4.603704862920318,2.047387134783015,3.418495713249044,0.6576220855080469,0.8661638869665365,4.640835418235362,0.32173269700644924,1.122968839449352
10-15,0.4308545428444877,0.7562521641003638,4.593496447926871,2.050510464423874,3.4079361486928565,0.6501193559782004,0.8744251123020345,4.589055432686103,0.34504390874917984,1.1078456501488065
10-16,0.4460257663099296,0.7302795073512555,4.546607477377868,2.0554142569779508,3.391513333109954,0.6502158570956452,0.8674558533729652,4.510570120974836,0.3498744856934377,1.1146886813011894
10-17,0.4509067119975938,0.700656850602147,4.513092117939976,2.0450713746052362,3.3775741501033907,0.7036150112736684,0.8589260528812904,4.476906823497864,0.40664709636910246,1.1241426841070166
10-18,0.4516057132408135,0.6768147494085942,4.458286480724307,2.0320865595872304,3.3654860194567164,0.6988964510318265,0.8339579734605455,4.500271140123849,0.4357114881287704,1.1382013228908259
10-19,0.4413922144840334,0.6637768148817083,4.434990565730859,2.000885830753384,3.3594228388347798,0.7200538685097237,0.8065121172188654,4.484773555721536,0.45482062838024806,1.1284911476984807
10-20,0.44612316017169756,0.6678013803548222,4.3810279840707445,1.9807786242194816,3.3470355734158743,0.7382377551121503,0.7798856900076802,4.550508156624541,0.49097098303377945,1.1434271066491817
10-21,0.4500041058593618,0.662299556939047,4.350247346855075,1.967495439486995,3.3402151536310902,0.7142705005128929,0.7650100804230534,4.688982767964147,0.49549970052590836,1.177473843058406
10-22,0.46726421821369274,0.6382032890788274,4.330095876306071,1.9704759396168299,3.332806807681653,0.6937323973468279,0.7921149665914534,4.797082587146781,0.4869259823702297,1.2052781339082308
10-23,0.4756534972346902,0.5931459101074967,4.362451350201513,1.9770151827136313,3.3310628846334147,0.7330402461436933,0.8444388789199667,4.843601027736704,0.4771112581309588,1.2276305615904257
10-24,0.47731222070013213,0.5497315866917217,4.418010990763621,1.9793374889602726,3.336452215964188,0.7703431803327756,0.8534168018088748,4.957455800841835,0.4542111988048408,1.2465023892022673
10-25,0.4610764997211296,0.5113117077203911,4.498228964659062,1.973476181416774,3.348213981573967,0.7569790940310903,0.8850673750439394,4.806591896387296,0.39470523860108636,1.2152272009403102
10-26,0.4370227231865715,0.4719959954157272,4.554174716332281,1.9704933359918266,3.36117451160568,0.7510315302486413,0.9004931886934227,4.640480801334893,0.3663177781545719,1.1814487245250485
10-27,0.4172661688742356,0.42818722755550764,4.601348245783279,1.9769182593582488,3.3743674316417795,0.7956291417328557,0.9032987708507942,4.542071511391891,0.3776389852872736,1.1489180398082552
10-28,0.41719989233967764,0.38403818191751043,4.603028719678721,1.9935209594099064,3.3855592081309176,0.813737372130311,0.9236190030386809,4.509925599382818,0.3883416023020604,1.1357181455859506
10-29,0.4349836158051197,0.3434280251684021,4.580218915796384,2.0168710610778073,3.397732687001298,0.8043731834146205,0.9234411004967271,4.488152177262249,0.37792946614504314,1.0985311801778128
10-30,0.47151733927056166,0.30561647953040477,4.531452167469604,2.05531133831748,3.4247789773280335,0.8452774249126274,0.8876102882915549,4.440873068641842,0.3941582131174935,1.0625244115976766
10-31,0.5047482849582259,0.28029243389240754,4.518972919142823,2.101854173799031,3.4540999697034027,0.8473523287789431,0.9153204770314329,4.723531770124838,0.39248896917801923,1.0723649103850008
11-01,0.5118945084236678,0.2644739438099659,4.526017281927153,2.149825288894006,3.4829716328061058,0.8863879890832038,0.9063079350405583,4.695251242117549,0.38305645414824047,1.0499167186538567
11-02,0.504136565222443,0.24454295372752421,4.544868589155929,2.194279798123377,3.4945755592824894,0.9397614530353462,0.9278669519267698,4.645206690319172,0.3536196976164596,1.0262508828309915
11-03,0.49106612202121824,0.2376286303117492,4.557265729718036,2.2216886335672217,3.5031963562252137,0.9864905838711472,0.9921285227700917,4.661351268697557,0.3181339801909649,1.011569437130103
11-04,0.5009762343755492,0.24197819578486304,4.512068425835701,2.241326140168631,3.503349532203249,0.982119544602314,1.0263929402720156,4.622917353800151,0.2725445669543735,0.9816014729355316
11-05,0.5012474578409912,0.2644027612579769,4.441200288620031,2.2471863939389127,3.4965694446444915,0.9815009342016476,1.0434430040744422,4.563371094101236,0.26864678211163284,0.9331597410165414
11-06,0.48750062575087766,0.2678523267310908,4.377480762515472,2.260565906490276,3.5069485611642928,0.984093275144265,1.0681023456519882,4.563988955706176,0.2707048088007541,0.9115416067497685
11-07,0.47679407143854197,0.252499114426427,4.366069569744248,2.2771036926833887,3.5303946754043856,0.9719814684779191,1.0993793557479676,4.837119086130444,0.2550741345104162,0.9521890361187088
11-08,0.47542362823731715,0.2268778465662076,4.375950043639689,2.2836669274039125,3.5569273897319706,1.002969498260988,1.0703943094515367,4.854768471680715,0.2735428059323533,0.9316812519067301
11-09,0.4960267961472035,0.19067046759487716,4.387554128646241,2.2742011921331033,3.568963924255485,0.9748784580814153,1.050037056679963,4.825920500770885,0.28265077897317753,0.9154222738127379
11-10,0.5075716307237564,0.15808947751243554,4.40717626920835,2.264964135120232,3.5865283631254727,0.9504263183351277,1.019797220886891,4.817662956614329,0.2913484339738985,0.9015170836747378
11-11,0.5100775764114207,0.12756126520777167,4.446830354214902,2.2608374318686564,3.603154625280208,0.9402387014938528,1.0220209443744133,4.734202979502782,0.31117821309487204,0.8906837432467347
11-12,0.5008099109879739,0.1056441640142189,4.467648328110343,2.2583852656954075,3.61829603341589,0.9880716987566217,1.0110541754192228,4.793276644854057,0.3075409750112636,0.8901830468770132
11-13,0.484918634453416,0.08823261837622176,4.474648246450229,2.246214115295284,3.6191403418697994,0.9564980778561728,1.0250005322162015,4.883156101366285,0.33262920988206646,0.8976578186570972
11-14,0.4773287468077469,0.07744051718266914,4.427452331456782,2.2399700778377674,3.614095989750602,0.9607754971863486,1.0400840501098996,4.975512073502202,0.36107553464557374,0.9111675704600924
11-15,0.4742180258287445,0.05472897154467212,4.385555027574445,2.2416095982457604,3.6006801620944553,0.9567008963872263,1.0522929013629536,4.964988450714667,0.3759880934270418,0.898695872021459
11-16,0.47460036040529774,0.034306314795563904,4.313448001469887,2.2545223421271277,3.5943790313980077,0.8966404222017926,1.0590369808052773,4.925545693032449,0.32233935199882735,0.891253202871172
11-17,0.47302019498185105,0.009497546935344556,4.250896530920884,2.258611922968097,3.597563345882675,0.9030980662021071,1.0732946242589467,5.09139657735063,0.3176262569939562,0.8786908882527531
11-18,0.4731705851139599,-0.012536220924874894,4.194690893705214,2.269255349552678,3.6080876158478414,0.8955290517958046,1.0625480872293833,5.303476173212114,0.322926931294494,0.9227621258117796
11-19,0.46245569746829096,-0.04744637767398325,4.160514423156212,2.2705087295087676,3.6113173089673567,0.8834171027567402,1.073335772788692,5.348445561944294,0.30706130559700695,0.9537597151642944
11-20,0.4528838653781775,-0.06673153442309157,4.122753230384987,2.2654763120537904,3.604317547892497,0.8775869873745687,1.016546640587705,5.476487564878405,0.3129378300576746,0.9845712219520983
11-21,0.439762033288064,-0.0680333578388665,4.016348982058207,2.2440736762649465,3.588744406093671,0.8889704695304775,0.9805567461505601,5.616719085198276,0.2841162835893889,1.0180924489784402
11-22,0.4376304789757282,-0.06388934792130806,3.8712433448425365,2.2204549653994112,3.569354628535749,0.8910900578362939,0.9734652318160069,5.629788080415388,0.27236288664274316,1.0039836362481598
11-23,0.44834892466339255,-0.06005367133708306,3.6856502076268676,2.206675666850851,3.5393228663572436,0.8542358833570791,0.9595888688981895,5.648613912815725,0.25567242254201855,0.9826766105032907
11-24,0.47380764812883475,-0.06252216141952474,3.5144334593000868,2.215883315009922,3.5156467566440983,0.8424941616058343,0.9350310691244135,5.706241483843655,0.22814496845752597,0.9881656626262103
11-25,0.5071899827053881,-0.059143429279744225,3.3724597665288614,2.2265520773404384,3.4994584173492362,0.823283996230646,0.9462476692771861,5.827047464324317,0.2320274787158121,0.9940183140784743
11-26,0.5279084283930525,-0.06674108602885254,3.262727740424303,2.2364022993423567,3.496948881217026,0.7741076407366083,0.9439935366121931,5.897980723382079,0.2549987536815183,0.985107924111898
11-27,0.5253643740807168,-0.07541235388907204,3.1827887698753,2.2413198293167427,3.4893669503177747,0.7686768807637353,0.9486492814613247,5.862655154481291,0.2640206414209019,0.9688331186138469
11-28,0.5104439308794922,-0.08646278841595816,3.1036067437707415,2.2462577264709314,3.474047669262657,0.7365864882709058,1.003667554671599,5.75301029512225,0.2935442640064191,0.955301303999991
11-29,0.4671373765671563,-0.09298961183173315,3.0345511065550714,2.2512039857800663,3.4356436698867863,0.6990397491692194,1.0524914975982878,5.750818025916138,0.3233148965115173,0.9581808853821278
11-30,0.40320860003259845,-0.09536921302528582,2.948902413783846,2.2531179041714844,3.3926224323545764,0.555445270402428,1.0659720092747613,5.487454945506705,0.4164465347021981,0.9593023938176584
12-01,0.33178537905359606,-0.09268492532994961,2.8855731654570653,2.2642961254406972,3.3662445788676174,0.4082649239189731,1.0990065179863102,5.399911277011001,0.5451121954245373,0.9559311395511956
12-02,0.26833576918570484,-0.07775063763461339,2.8387397504636183,2.2768036872433792,3.3731506897469017,0.3549023255536971,1.0722586131671314,5.475817168264394,0.6579840228957523,0.9727988162099757
12-03,0.20862921487336905,-0.07122468327261051,2.805736891025726,2.295152032159972,3.400821842387316,0.4238059864174944,1.051683205856882,5.508381407578763,0.8007444118518446,0.9755731141289924
12-04,0.1319976605610332,-0.07623900668838539,2.7596284760322782,2.321851316593712,3.4226448320253158,0.5858503573768602,1.0193772416391065,5.622661246223591,0.9261294927590003,0.9802957591185032
12-05,0.05688277291536403,-0.09974777454860467,2.7104478388166093,2.3653710201674,3.4468382351413163,0.774764945182849,1.0083994467095225,5.618118457976142,1.1016613723086004,0.987851276935323
12-06,-0.009921003619194013,-0.1190329312977129,2.6327574793787174,2.413933839714897,3.4485180113611538,1.013847488157794,1.0079763440470066,5.642788547151238,1.3094014587264926,0.9998728455048371
12-07,-0.08117478015375208,-0.13567225471348787,2.5406657310519365,2.4586609352614572,3.445385756209052,1.25057499555002,1.0343545072429883,5.449317018837771,1.5257462882655644,0.9747373039979167
12-08,-0.1612188344660879,-0.15724491146259625,2.4297142605029336,2.5108560929738415,3.4376132581724548,1.524919493373606,1.0519968095976153,5.506066879933067,1.693084440719968,1.0094438998561353
12-09,-0.2633892776673126,-0.1671092348783713,2.320208623287264,2.5777745915774886,3.4414408268183707,1.7367884134656482,1.075730587338462,5.551917382564539,1.90306774358283,1.0247043902973854
12-10,-0.35610277642409277,-0.15878883607192404,2.2369696527382614,2.648909209753613,3.4460160609363926,1.9757240532410396,1.1337276742821787,5.6121657935538956,2.105494754770041,1.05377517585376
12-11,-0.44392044184753976,-0.14083788170992126,2.1524258210781473,2.707150376379788,3.4463992657390734,2.2590338370496035,1.1795590968443734,5.756571856260451,2.271355733436146,1.1064393045053902
12-12,-0.5157283850487646,-0.1383841495701407,2.0799306005291447,2.758405015484127,3.4569302985513772,2.5055374502862016,1.1760161581258024,5.814829704449386,2.449559823834748,1.1503268174417016
12-13,-0.5859585504722117,-0.14813041743036015,2.001329824424586,2.815186902224941,3.4792627339532767,2.727868396150865,1.1794837089206542,5.875958828487597,2.640507974013495,1.1898995766294806
12-14,-0.6597387158956587,-0.16996279640169076,1.9229616872089166,2.8811902193451515,3.5159217286325126,2.9572282171992215,1.1764110018514866,5.865749555066192,2.840716051674222,1.1915427492985784
12-15,-0.7655258257635499,-0.19289934203968806,1.8926338277710248,2.9657957196674194,3.5693043376931772,3.2103034347176975,1.1593830029277068,5.982879184800621,3.0380944668033996,1.2107792161972246
12-16,-0.8832286171146496,-0.2298695927068918,1.9312804649743274,3.065677839586502,3.629786585954751,3.4277346772953776,1.2169733978262678,6.155550079293986,3.2357282290389646,1.2274441920645536
12-17,-1.0013779362435271,-0.28008428781854006,1.9858882132887408,3.1949806980403657,3.679586139179325,3.6511633565030968,1.2590536639434537,6.007811857229436,3.423593968057508,1.2450022533788114
12-18,-1.0947282970390713,-0.3379149551524105,1.9930022116031545,3.320925665769842,3.7110041414221473,3.908983711778865,1.400670967509197,5.831559744068513,3.6137541270905134,1.2598392686349758
12-19,-1.1801588096847404,-0.392003584123741,1.9457708799430404,3.437063379173608,3.7377753191414187,4.133050829444672,1.49087665809493,5.740273339979434,3.8104825255020027,1.2466609943835858
12-20,-1.265415016774854,-0.4261630464284048,1.8818173260607038,3.530279250167086,3.7608389611168676,4.346058863040058,1.5955176759477505,5.7861282592998675,3.9946590519347125,1.2647545231381476
12-21,-1.347579904420523,-0.44935931428862425,1.8670991888450343,3.615424881647499,3.787154533182656,4.566844857593748,1.626363146612265,5.825037579254363,4.17784278714968,1.3071890315563803
12-22,-1.4439197920661921,-0.47749308214884384,1.8919685516293647,3.707327505566782,3.8149829409897182,4.816083268312348,1.673919234452225,5.886595393074409,4.3583791501778215,1.3352841653528986
12-23,-1.551990235267417,-0.514754627786841,1.9861573588581398,3.8010609103156217,3.868183652572778,5.034706445144004,1.7367599219836765,5.982158632833738,4.575370910768032,1.3804407679077408
12-24,-1.6697676229130864,-0.5476342289803938,2.0979461660869148,3.8902374874543177,3.9302621307575425,5.278196871514532,1.7712314300153877,6.0347504220803145,4.774953879945459,1.4041607342204259
12-25,-1.7461936216698668,-0.5727374412850578,2.183701639982356,3.953795750733756,3.9916357128927658,5.552095092471918,1.8155153983555852,6.097725780988895,5.011859660753021,1.4767850931055435
12-26,-1.7820071204266472,-0.5810753758119441,2.231805724988909,3.984975521285513,4.0296632621379445,5.510165104689169,1.8138093565683555,6.188564318066314,5.040670096175704,1.4619769509383245
12-27,-1.782823396961205,-0.5812799770054969,2.2282486988843506,3.982360192815501,4.048283494780841,5.507333855983107,1.8069215134548056,6.336872499906032,5.035977963406263,1.468706573165131
12-28,-1.7853341179402076,-0.5667290226434943,2.210920839446459,3.971542378820869,4.046277232991797,5.52173517681028,1.8320367653963925,6.50917863485701,5.049420675416908,1.4909518486086761
12-29,-1.7613684500303215,-0.5490322349481586,2.211958257786345,3.966707478975829,4.047453484576934,5.536869603757935,1.8072938563413892,6.556105859273899,5.06854437939545,1.4993108443802632
12-30,-1.715215282120435,-0.5389493361417116,2.254494287237342,3.9563207566305962,4.049398168230014,5.3945001232513805,1.8308800578931268,6.575744079193065,4.932991572900527,1.4418846874582871
12-31,-1.6779706426099361,-0.5339252478495993,2.2873366075183963,3.952661348444904,4.05648838194557,5.226570201056771,1.8161065523114353,6.564794557669866,4.769037893233082,1.390785183315109
