month_day,east,north,up,east_sd,north_sd,up_sd
01-01,-0.47311600341154847,-0.6459172319055301,0.8862005183839444,1.3695179965499091,0.888241442717242,2.7890140660537064
01-02,-0.37563396717298303,-1.0436497114356096,1.2526425768044334,1.423110319889758,0.8623975777369574,2.929076107926538
01-03,-0.4276245059311137,-0.7404140909521881,0.677023230236777,1.4579089377848056,0.9046024102480414,2.9421981343281227
01-04,-0.42306994192466896,-0.8020916238087702,0.3721551296112466,1.4829203073718416,0.9205380551746326,2.9036373756950358
01-05,-0.3753487112515582,-0.8320405852367815,0.4207013147000019,1.5323315036135012,0.9322598827892462,2.873860012939231
01-06,-0.3336274805784477,-0.8914704990457452,0.46135226169351906,1.5778018873663329,0.9806522809599734,2.895144219312043
01-07,-0.2938776784767659,-0.9333527938070892,0.49207463725846484,1.6109991244819888,1.0568147218741304,2.9295135558299816
01-08,-0.2811469239941317,-0.967339850473195,0.42229701282341064,1.6701005768641732,1.1372066316586533,2.9283900131341545
01-09,-0.26000664570197307,-1.032265002377396,0.4163431979121661,1.7283834056573664,1.2071217557901126,3.1968811538565745
01-10,-0.24967112931457627,-1.0671092019006447,0.45222747823901643,1.7947142409546648,1.2815971166364624,3.3314992354868767
01-11,-0.2001451367367033,-1.1359248299953222,0.41758794904205726,1.8502940805181591,1.3056948510743478,3.356058067184056
01-12,-0.1818762870159729,-1.1611833152328568,0.45704365794033647,1.8722135520051784,1.2923637534849737,3.292895908339002
01-13,-0.15167410396190967,-1.1802513242799155,0.4577660335052823,1.8609326357677585,1.3632794557782058,3.1993593521615824
01-14,-0.1095909685268941,-1.14380980951745,0.5791503138321329,1.8490383884968964,1.3329730463369878,3.1358557480723217
01-15,-0.07660783309187875,-1.1366492471359373,0.643310784635174,1.8137847486021899,1.285604234935879,3.1037365551681217
01-16,-0.06211041194257743,-1.1085315418972816,0.6559855411525007,1.8083795041419466,1.2816570905819997,3.0716827461791856
01-17,-0.05158918126946688,-1.0578614557062451,0.7260745833841133,1.729512499486934,1.29723263436752,3.0859794401234644
01-18,-0.021286998215403967,-1.0032580361818748,0.8336874351395352,1.6655399161081548,1.3380275471565617,3.1317698784004184
01-19,-0.006237196113722325,-0.9385450928479809,1.0257050487997192,1.5930466131833243,1.3376315167804393,3.1429015697959364
01-20,-0.039725489250135367,-0.9110654828474202,1.0529179005551412,1.5347204518891226,1.3188356568109676,3.1846831356924743
01-21,-0.0759423538151194,-0.8369287299897163,1.0555831332629442,1.4599177265454153,1.2804665842470944,3.279682244380016
01-22,-0.12211636123724674,-0.8138157866558222,0.933553127875509,1.44470677954755,1.2318426390083073,3.349613925457852
01-23,-0.08003322580223118,-0.7947218909409761,0.936946932011883,1.4172790797710397,1.1992370290106207,3.3273776709667153
01-24,-0.07685485227197811,-0.7356756142737492,1.0101978790054003,1.3996269048575734,1.1755658752917122,3.3261253627381544
01-25,-0.09160028826553367,-0.7162245757017606,0.9403393021893939,1.3609565857909078,1.14823485256326,3.278870336123173
01-26,-0.12043620044956573,-0.6586259180821527,1.0525902491829109,1.3580665279575996,1.1817327944165006,3.340406520017058
01-27,-0.14115782691931258,-0.665355831891116,0.9969554818907136,1.3327772563156763,1.2079756718148211,3.3791815652170194
01-28,-0.1639604057700117,-0.6210047933191266,0.9856445241223263,1.3094598226927263,1.1762390984525675,3.3886844286061466
01-29,-0.18898679414451994,-0.6299013737947563,0.8873668996872721,1.303886775826524,1.15808786883065,3.312071138813907
01-30,-0.19217508728093285,-0.6437027161751481,0.7794130847760273,1.3271723486379177,1.1276480077543136,3.282426290750113
01-31,-0.20641576136972647,-0.640289772841254,0.7860116508171634,1.3233918289535944,1.0766932168846588,3.2357885125177495
02-01,-0.2021897687918536,-0.6662196866502169,0.8471292644773474,1.3210580361703201,1.027619419059179,3.2674527064509165
02-02,-0.2324399666901711,-0.7190591242687041,0.818113544804198,1.3394696654289753,0.988863936613802,3.294879609185853
02-03,-0.25187111696944153,-0.7766271333157625,0.7998406822739056,1.3724084113816608,0.9534607699729594,3.302066823515925
02-04,-0.24017369582014,-0.8274951423628211,0.6832963911721848,1.4050518884754042,0.9309147778941229,3.3062368859434006
02-05,-0.2326334175279814,-0.8938441037908321,0.6281521000704638,1.476092075081232,0.8960964812628558,3.388194539486704
02-06,-0.2366645678072515,-0.9084597318855095,0.6858316184925525,1.487751264418245,0.8647811990324621,3.495982958763965
02-07,-0.27018143237223613,-0.9332515504563774,0.6023587559622607,1.4555658760499341,0.853817744419897,3.7230570864617496
02-08,-0.2669316302705528,-0.9513243214081976,0.5366239886700636,1.4527391830352234,0.8663100494521193,3.8138455133910147
02-09,-0.24681039959744222,-0.9568542352171604,0.6821558880445332,1.4233546090468843,0.8902343266299526,3.825931078608948
02-10,-0.2361463117814741,-0.977355577597552,0.8119163588475742,1.3917628972955394,0.9377848634585246,3.913986772054011
02-11,-0.22636317634645803,-0.9480188247398483,0.8838196867934726,1.3490181801863477,1.00574756691114,4.063468556100545
02-12,-0.22291813614953732,-0.9562201671202402,1.0208801575965136,1.3344509341100776,1.0458385988195702,4.150170179500246
02-13,-0.2521969054764265,-0.946626271405394,1.1097406283995546,1.35222701937629,1.103845660753101,4.310198782764953
02-14,-0.29934710337474385,-0.8877085661667384,1.3645344325359292,1.377680412885856,1.0688408941974703,4.434826373883465
02-15,-0.3407401584159188,-0.8670194323566542,1.539156808100875,1.4344481391401014,1.0225163529477208,4.62449785386638
02-16,-0.4015903563142364,-0.8413302985465697,1.6877648979515352,1.5087943559439794,1.052993231984217,4.815370345776752
02-17,-0.4151262684982684,-0.8087649742602948,1.7693872735164808,1.5497470162437033,1.008984559324915,4.965752019514024
02-18,-0.4299812283013477,-0.7570425071168769,1.7648001252719028,1.563738086608725,1.0190660097657016,5.106507086122476
02-19,-0.42874095000918944,-0.6969914685448878,1.842960596074944,1.5387318092522178,0.9925142818686925,5.295839125725181
02-20,-0.4376292431456026,-0.596821382353851,1.9771353525922706,1.5125215879118088,1.0100711407182827,5.444126807917263
02-21,-0.42118896485344404,-0.5589132009247185,2.095786299585788,1.5070995623161345,1.0283557715758422,5.375423104727348
02-22,-0.4287867817993806,-0.562033590924158,2.1437658180078762,1.5515975351823923,1.1082082495132624,5.29445356416626
02-23,-0.43233221779293746,-0.555725409495026,2.2055691459537754,1.567548281603789,1.1298733719405296,5.163143330241115
02-24,-0.43990146331030283,-0.5758410375897036,2.1243391405663403,1.5827048502601342,1.1264501201042787,5.0312317204075985
02-25,-0.4702668752292593,-0.5846066177422244,2.0132494925141704,1.577037236784812,1.0809674474092268,5.054020868811462
02-26,-0.4973874938462792,-0.5705968446765347,1.9665495357231202,1.583657838079368,1.1153984661856458,5.045764332497108
02-27,-0.5090259303596886,-0.6039250229452248,1.8713640739608515,1.5656994655175873,1.1550692736955153,5.091398701067649
02-28,-0.5056324987412296,-0.6505621089728226,1.882099224919195,1.5054511153179764,1.149234673766873,5.068064272161067
03-01,-0.5205642937331753,-0.7119546960392212,1.7768455926437756,1.4739950604603942,1.1602467425151617,5.045407007101816
03-02,-0.6480974544944432,-0.6672657169554737,2.405943194233454,1.302794560411805,1.2083669769000018,4.203735721968218
03-03,-0.5814421578872662,-0.7109014915702976,2.2154908445236745,1.286967345618985,1.2155795081215395,4.204013601986593
03-04,-0.5351612202544487,-0.7560141892620449,2.16422311019851,1.3006462075992122,1.2086307024561262,4.226942839637037
03-05,-0.47783925698060487,-0.7747371433640488,2.0229553758733463,1.3237396038102727,1.2529794490434867,4.1237804959645095
03-06,-0.45932242191188966,-0.8218703538763086,1.8767440518045921,1.327117242962538,1.2816723371689325,3.952630005105608
03-07,-0.45714917658676435,-0.8883266413116458,1.6728660610691715,1.2649050232282169,1.2878760777163092,3.7768171817142733
03-08,-0.44484259792830544,-0.9086085697726239,1.561213711359392,1.2379628273849106,1.3550589567593052,3.6991475439404793
03-09,-0.3835360192698464,-0.907346908490012,1.5074331565214072,1.1858696286550563,1.4270459698021147,3.5712654517794395
03-10,-0.3615320047139523,-0.9056647343868872,1.4458218324526535,1.1549815768527014,1.398671843443349,3.483818913915408
03-11,-0.3443844004144683,-0.8603261500273522,1.4049130724864634,1.1479724790397094,1.3815385269716425,3.470204254319956
03-12,-0.3277855140637013,-0.8381567964370475,1.2667786714946325,1.1321346691940586,1.3385514748337188,3.339037047725542
03-13,-0.2891250892513964,-0.8492541095134101,1.2406647833233149,1.0976519483282199,1.3029687568186585,3.332242462835035
03-14,-0.26133645931088645,-0.8208693713077213,1.049530382331484,1.1175715649368942,1.247152209813623,3.246554589459643
03-15,-0.22947090629345326,-0.7819769407943403,0.8957549556986278,1.1413613363786284,1.2361892265437997,3.2118084355314207
03-16,-0.2081694558401225,-0.7675409205373696,0.8062513239375659,1.1565792882893626,1.1961001205417081,3.2668754138165585
03-17,-0.20787313359192014,-0.7456125925880913,0.8095528203816327,1.174120454521691,1.1827119613746204,3.320740700034896
03-18,-0.2199819395488462,-0.7609817005362487,0.7256338040051866,1.1837182789054765,1.1620243831518833,3.313673901956721
03-19,-0.2051471557621822,-0.729458500792098,0.6787045312184842,1.1723731953446388,1.1595980963892707,3.3196300844310622
03-20,-0.16547134633449265,-0.7047199164325626,0.6872880789446023,1.1603627206932694,1.0800845206770122,3.3450766311221654
03-21,-0.15598528049654742,-0.6726582551499505,0.5882152164143102,1.1208102393119763,1.0664481853517092,3.4447696528236365
03-22,-0.15009408645347372,-0.6475453118160561,0.5057013282429922,1.0802961217330023,1.023755630434404,3.538540394392216
03-23,-0.1526593026668102,-0.6097451889949824,0.3859361580203924,1.0545239402201585,1.002331991118385,3.527010964742761
03-24,-0.1818758009314285,-0.6088937841226272,0.22714021856702318,1.0735220675927755,0.9845822196597822,3.429847951974217
03-25,-0.1518666581704054,-0.5900013536092461,0.15089812526749985,1.0797951219134287,1.026834060197262,3.484791615257601
03-26,-0.11908828464015166,-0.5204114871984292,0.21561500632695146,1.0534826009943945,1.017649953457233,3.490735472810148
03-27,-0.10634580854579599,-0.467385723351715,0.24536265661717183,1.025095812491774,1.0147396936762043,3.490577463778253
03-28,-0.0768443580924657,-0.39489842104346223,0.20867953767662328,0.9995514251414767,1.0011890867045288,3.4949352366935105
03-29,-0.02625059994682732,-0.3437547084787992,0.25918616232581815,0.9494116067007078,1.0092786948170172,3.532883752450628
03-30,0.020040594096246405,-0.30611356001669987,0.305687658769885,0.8962404511686267,0.9826297111423251,3.591449034520319
03-31,0.020859993267525134,-0.2560262577084465,0.29607120649600305,0.8196592108598495,0.9810627945468264,3.662966600650512
04-01,0.03688964884906075,-0.23128767334891104,0.24254193370930047,0.7843023469706953,0.9438631336451409,3.6877740446143523
04-02,0.059365458276750056,-0.13181062745091457,0.2033562506661875,0.7709613710459147,0.9241155867898665,3.720768824203677
04-03,0.07706178052495234,-0.08346691488625134,0.21878595223845945,0.7653344317448184,0.8895283178737552,3.6468867529476956
04-04,0.0362247694398211,-0.038107817706203743,0.11805155124662876,0.7830402951231069,0.9109313839016422,3.6415862517846977
04-05,0.05331596348289565,-0.041338464115899635,-0.04272387538622757,0.832810944992355,0.9124717853131354,3.6542866686917352
04-06,0.04138151650032859,0.002959094602609449,-0.1584428917626738,0.9107008613045927,0.9369776918272736,3.5306377186460334
04-07,0.045436813107505,0.026615627680093068,-0.28705421583142765,0.9644487243800699,0.9722964493249099,3.545949688004595
04-08,0.04156903279160469,0.0945952376806539,-0.28734759118223263,0.9433898043842183,1.0060870589162694,3.6077425868784148
04-09,-0.012796183421730892,0.10934407845044548,-0.40252814602021697,0.930278247997007,1.0171064028236287,3.5516770724885607
04-10,-0.04038704066070791,0.09639548332280092,-0.5406471623966632,0.9212128677704879,1.0203593804009448,3.621169246287473
04-11,-0.025203538925325564,0.045200734349002965,-0.6962072044141352,0.9005416802086202,1.0251949730088619,3.4402284133120378
04-12,-0.07603542180532849,0.048364959734179175,-0.778321092585453,0.8654330632966102,1.014063029603045,3.3008753826850183
04-13,-0.06640237483303406,0.10544236228999582,-0.6692219059319185,0.877351033354582,0.9976710574263512,3.24174603967547
04-14,-0.14996419065740524,0.04695138922243668,-1.1147022384770406,0.8680174505088111,0.9981798479736871,3.1346968383845737
04-15,-0.15843197097330497,0.03501305050504814,-1.3354879215201538,0.882971358680489,0.9966946383154465,3.1466388951322255
04-16,-0.17031000769946159,0.03858753230048017,-1.4343505276401898,0.9031525421996328,0.9745937146482169,3.1174717811272052
04-17,-0.1731777880153619,0.025505603839502376,-1.5454131337602255,0.9278611398872427,0.996192180416032,3.093545947107791
04-18,-0.14978402986972408,-0.005694273339424251,-1.8713834321879537,0.9304655935646707,0.987767302872819,3.1437255739032204
04-19,-0.1464620665958803,-0.026412099236299443,-1.9904614229233744,0.9210127118657923,0.9660127555624094,3.0063503872899506
04-20,-0.148888821270755,0.03525469025144084,-1.9379753110946925,0.9009057758789218,0.9530410252817705,2.873165104687859
04-21,-0.15003352466357772,0.10592660794430936,-1.7879866351634457,0.8814798085438814,0.928088212565921,2.8294484736036978
04-22,-0.09722438190255464,0.09350108973974164,-1.8194851387193793,0.8732013079935836,0.8521397751365152,2.941598366153314
04-23,-0.03738446991076267,0.1360550587146614,-1.7178605653522359,0.8492438091500916,0.7955781283258334,2.9746409279919757
04-24,0.026491339516926247,0.1797782584588116,-1.6892565048056052,0.8424664191575589,0.7795108522192462,2.9273257893299762
04-25,0.07457740535487162,0.1984142787157825,-1.6644934698999998,0.8539059187701068,0.7746001255628039,2.838047412531509
04-26,0.08523270196204792,0.24288619640865033,-1.5896176144815743,0.8497254211388922,0.7900473814441987,2.7994820527734356
04-27,0.12664697292819888,0.2842196525630572,-1.539003297524687,0.882085476726638,0.7677516557765773,2.803231082251766
04-28,0.1378253464584531,0.2937941343584895,-1.5090248780036974,0.9005233972066939,0.7613734396498509,2.7588455287968636
04-29,0.17879346357845044,0.28369682128212703,-1.4441438943801435,0.9078839568310757,0.7356640482441583,2.647921207665217
04-30,0.2398179909548577,0.33475335435961084,-1.326652654346333,0.9319703398646763,0.720160415059057,2.4501100182895987
05-01,0.28740149269024,0.3567688617960694,-1.3832024399535485,0.9654578153970179,0.7332797169176801,2.331071973593968
05-02,0.31904653288716034,0.3871125743607325,-1.5065060717146106,0.9987922819434906,0.7222804642203765,2.2612908710206776
05-03,0.3062197782122862,0.4570101330792418,-1.5409738060397744,0.9872384943493684,0.7691457499308864,2.126207260386679
05-04,0.32034174148612915,0.5007948712849305,-1.5827646172880152,0.9281976361071896,0.7665635958299153,2.1253688967106608
05-05,0.32167396117022934,0.45962576333677274,-1.7856990182798462,0.8851040943140882,0.7680823720756025,2.3275330584874103
05-06,0.3099036167517647,0.4310617835937434,-1.9365205987588565,0.844499103495117,0.7731777259353104,2.468233813947019
05-07,0.2787127595127876,0.4481644705173808,-1.9971575638532515,0.8014514102454217,0.8098184024135158,2.409067098432592
05-08,0.26288087663278537,0.45402613179999257,-2.091789400742518,0.7930645950230388,0.8151003658625907,2.3879883769957995
05-09,0.24357207067585973,0.45673394692875824,-2.1702673914779385,0.8060994061562757,0.8290067621145588,2.4065690600751983
05-10,0.21489916215483149,0.4506468902626524,-2.269355638623616,0.7971301779659574,0.8271452974768764,2.3674561087353125
05-11,0.21705702286457282,0.4907444489811619,-2.366105424230831,0.7823699249828856,0.8026629484602514,2.3250118367598738
05-12,0.21753283229226336,0.4974625205201839,-2.5589064918893283,0.7323262913229975,0.7915310561022281,2.261481899954005
05-13,0.20104453915584988,0.5172370023156164,-2.70961012365039,0.7218415685755032,0.785085269836863,2.200158492998582
05-14,0.1849511178143088,0.5577755866751513,-2.8506060631037586,0.7102111774780812,0.7705387581051821,2.2020634169331315
05-15,0.16919615801122914,0.5017192992398144,-2.9049661051212308,0.6891708850860473,0.7700505924895479,2.1411113073342225
05-16,0.15063094179789266,0.46141172975319505,-2.9675825573951133,0.6381530387163177,0.7463353619690384,2.145271390004269
05-17,0.13068111019994147,0.45863749359990946,-2.889522086592071,0.6066259195905866,0.7623894096364153,2.1665678455211492
05-18,0.0642216594622742,0.41782474446886203,-2.905619743271854,0.6385517134266301,0.7155383937767938,2.1714689180198548
05-19,0.19520240558943316,0.40826387786573104,-2.8411838459113308,0.6413685595834691,0.7461739872905364,2.4003388855177965
05-20,0.2163474457863528,0.4311879323107362,-2.7810344862194007,0.6666392290049195,0.7479850126502067,2.4495300779155995
05-21,0.17404754994683322,0.45395237385851933,-2.9203310088262953,0.668149671105735,0.7485033247671001,2.4266943041183056
05-22,0.18053361578477967,0.49487557360267004,-2.8834551534078696,0.6958008716570254,0.7638620364893708,2.4743795704503326
05-23,0.20704019444323774,0.5157115938596409,-2.8330254518355975,0.7143722336536327,0.7435015246335986,2.452176955002121
05-24,0.20611600387092674,0.52369633206533,-2.8161598528274285,0.7070270716386761,0.7251133227474121,2.4518711605294903
05-25,0.24177642868323115,0.5205374805274288,-2.8782532281782336,0.7566427778041437,0.7090656974522186,2.5736126222197004
05-26,0.2640060842647668,0.4946658084767074,-2.834577372759808,0.7647378067381818,0.6913734334979801,2.5168315013296265
05-27,0.278943432153994,0.45525567488752433,-2.758834850674716,0.7642989135750871,0.6795790143918385,2.6356419919834817
05-28,0.318706421068863,0.43281477206757213,-2.7397230978203924,0.7569322282622925,0.6460538531717513,2.7075502428910654
05-29,0.36216684588116776,0.42119951027326097,-2.8264421141968388,0.7542226265736444,0.6334752524535261,2.873034957930771
05-30,0.38474009120629366,0.4352919407866424,-2.9506534382655922,0.7733337347854301,0.6113798522783114,2.9303173606703465
05-31,0.40177487499295783,0.47647667899233126,-2.900982711052295,0.7920388640144803,0.6149549431090519,2.9242054134692848
06-01,0.43661478698475,0.49062551976212276,-2.9381324966595104,0.8002269668420482,0.5880547317007312,2.9172276705166236
06-02,0.4590444425662856,0.5171025656601196,-2.9849233079077515,0.8066595772830063,0.591518997041568,2.967148139472367
06-03,0.47725871353243615,0.5560308936093983,-2.9690423242841977,0.8475245386596046,0.5912930991418857,2.925001272683161
06-04,0.4876832409088437,0.5623387087381639,-3.008479289378592,0.8726006861245383,0.6006718726858311,2.868439507052922
06-05,0.5111180246955078,0.5210772930976986,-3.0033367672935,0.8835322587521238,0.6144676899368419,2.959998727914924
06-06,0.5432092187385825,0.46504151848287456,-3.0796865529007156,0.9009738396947271,0.6190392464983302,3.025473328543347
06-07,0.5648388743201187,0.42617497463728127,-3.1557491590207514,0.923780815997861,0.6350013524661622,3.061519930044777
06-08,0.5887710940042191,0.42090843079168805,-3.275739970268992,0.921535858214522,0.670998423775721,3.1189364346917605
06-09,0.5967853649703715,0.40419573309994095,-3.318238473824926,0.8797159514227545,0.7082660386945823,3.149504646698522
06-10,0.5792304051672912,0.4064061123312709,-3.373967746611628,0.8744669547351789,0.7068917615837297,3.0874167029875155
06-11,0.5897215992103655,0.4318164915626008,-3.4732867629880744,0.8852639398114849,0.6723564994446385,3.052580769141381
06-12,0.5739615112021578,0.46233969130675096,-3.402385266544008,0.8983142917296904,0.6235286775426304,2.9547276257915653
06-13,0.528534756527283,0.4336680192560296,-3.503765821381992,0.8343340846896241,0.6122951761304054,3.110229033657307
06-14,0.5012208223652286,0.46868352669248736,-3.5656848377584387,0.7802791932222409,0.5387350945387158,3.0851960524313546
06-15,0.48967611897240515,0.4736272392571506,-3.673670520801551,0.7564223259076639,0.49881689865551415,3.106951517120452
06-16,0.4535826976308638,0.46379659284745467,-3.856969024357485,0.7620052413480555,0.5103719796239452,3.2073824583884636
06-17,0.4309200455200919,0.4229556900275024,-3.9683803484262388,0.7397329157380044,0.5010596168414274,3.086921952915889
06-18,0.4282727780247048,0.3818686333613962,-4.0981044930078125,0.7496902981730351,0.49289342145036935,3.0535467008803647
06-19,0.43299474129854887,0.3683815766952904,-4.148059406820156,0.7276761402713621,0.46452323402134205,3.090443819893624
06-20,0.42833721739290476,0.39904836618303086,-4.072209192427372,0.7019205321917521,0.43299023419603905,2.8464456887911616
06-21,0.4029412319487988,0.4228125915682072,-4.038820516496125,0.6546546088731324,0.4182922072954948,2.750679740694975
06-22,0.3816170413764872,0.43222809900466524,-4.029498507231546,0.643054845424546,0.40037126232224407,2.7213309455520105
06-23,0.38833387644520173,0.42413078592830256,-3.951412395402864,0.6668432168029231,0.42232119604253515,2.70555699780878
06-24,0.38009686536006987,0.4582950113134787,-3.9130237194716178,0.7161522306509374,0.39089737077098874,2.5749819771652867
06-25,0.38029062350570836,0.4557976982371158,-3.930378633283962,0.7220547770432588,0.38894113803491276,2.5252464019111183
06-26,0.39293053549750034,0.4805362825966507,-3.899846367609126,0.7380948877276501,0.39276392934113796,2.408698799849349
06-27,0.39555506287390796,0.46163384131515983,-4.011437178857367,0.7118336755515028,0.46105850602023485,2.3613430380307063
06-28,0.4210001030708288,0.4959980667003358,-3.7778074772850947,0.7527199098452013,0.4911617020265665,2.10450129668648
06-29,0.4529118099344163,0.5208648561880762,-3.575003416738464,0.8224174769881025,0.5150347789764269,2.103573709884446
06-30,0.4616594142339006,0.4985060046501755,-3.4711173049097823,0.8470402704728048,0.5677279912048613,2.119414492463757
07-01,0.47074035186671825,0.4888958710609928,-3.2191901674400745,0.8284297173424052,0.556118803705556,1.9594756646763698
07-02,0.4596059048841513,0.49265496824104066,-2.954975850483187,0.804085982228855,0.5417116146642246,2.013388954978813
07-03,0.4680355604656865,0.5612345782416013,-2.664484610449377,0.8020323446468273,0.5795727712794025,2.081639281837158
07-04,0.4724293186113245,0.6045423933703666,-2.374321575543772,0.8232560920226627,0.6144038351850055,2.089752758982214
07-05,0.4588384613723472,0.6425732854222092,-2.199214950894577,0.8396989418989227,0.6310825711648661,2.1791153260734433
07-06,0.451668116953883,0.6644452031150772,-2.1390006339376897,0.8731506684687993,0.6174582121731416,2.2371524318396414
07-07,0.40915418279183,0.6839376336284583,-2.053760675955161,0.8981347662704616,0.6366961064132368,2.207363956877782
07-08,0.37971204350157145,0.753471089782865,-1.8878950769469922,0.9032597314684213,0.6335545749543744,2.189096643922897
07-09,0.38335708369849214,0.7411532638859898,-1.7330858881952333,0.8981501606589541,0.6575229015230568,2.253528325479918
07-10,0.40846879056207935,0.7505174892711661,-1.422769007135782,0.923732120083167,0.6011488480652281,2.462785328403443
07-11,0.4146933179384871,0.7464304326050603,-1.2425752029994077,0.9364461879615492,0.6237951392312925,2.522699360794647
07-12,0.4171486145456637,0.7377279913235698,-1.212576270657905,0.9604164768763555,0.6042812232338951,2.487482589473645
07-13,0.3931577573066865,0.7808152936318228,-1.3393055434446075,0.9583251573699507,0.608663078955386,2.4703770031620556
07-14,0.3348694641702728,0.7597436215811013,-1.3226604572569514,0.9121483217148505,0.6085550892219538,2.4941829827436366
07-15,0.30090937616206487,0.7666257956842256,-1.3062717813257052,0.9157006009587803,0.6091166022353804,2.3532068085648334
07-16,0.3128928778974464,0.8128310467104268,-1.212031823343177,0.9514154739622639,0.6017720641062133,2.469502658006593
07-17,0.3197276616841106,0.8722619387622694,-1.137699557668341,0.9544041393989802,0.6183889824022744,2.448352329300259
07-18,0.3290701377784672,0.8738056513269326,-1.0579057535319667,0.9547425555722049,0.6691852312554765,2.5054802982170448
07-19,0.3062844087446185,0.8644160305582624,-1.1504196417032846,0.9216637224769978,0.697236024818239,2.511668422199129
07-20,0.3090063720184618,0.7744776918408743,-1.2351078888489615,0.9277227963408909,0.8613765513162961,2.5915479747458066
07-21,0.2849744891384592,0.7292880710722043,-1.1903038283023308,0.933767674991604,0.8405963035321121,2.690773536425467
07-22,0.2922246575405077,0.7424933220984058,-1.0089407933967256,0.9344591730019894,0.8722861351330206,2.6972768463830743
07-23,0.2783004669681967,0.7077806244066588,-0.8922495533629153,0.9545287842175207,0.9107575477602531,2.777034423519859
07-24,0.2618685840881935,0.7286679267149115,-0.7059736979444895,0.9286598099523512,0.9586334754572132,2.9330875969337042
07-25,0.23989311146460088,0.7063039469718824,-0.8059491245773458,0.8898802323671283,1.0311332288721404,3.041488894039536
07-26,0.1909227670461361,0.7174733005621865,-0.734591217876869,0.8876468937022249,0.9885524404008224,3.1384526741700665
07-27,0.19339344826869753,0.7532272695371058,-0.4294076701507508,0.8498461345114576,0.9750917994615733,3.3786689508970933
07-28,0.22348977051689956,0.7020427769735639,-0.09715232755283795,0.8850982375469035,0.8955384291573273,3.505678183040128
07-29,0.2898425030215124,0.6544172587689965,0.17618506632712627,0.9310625581777311,0.8714226499077635,3.2881815792485987
07-30,0.30157472270561236,0.6290225097951981,0.3191275884122185,0.9379339610692188,0.8303938208738547,3.3155126865574074
07-31,0.26353771162048173,0.5885251967188357,0.41559318742038776,0.9263623161090443,0.8022680380213196,3.259167211528333
08-01,0.2639365979712482,0.5673817297963195,0.42571006847983905,0.9453584226085013,0.815857355942946,3.344381476272016
08-02,0.22829445868098913,0.520822878258419,0.4113346418469825,0.9422587364788072,0.8155120144273484,3.4598664346138586
08-03,0.20599078092919126,0.4552896677461588,0.468554087008998,0.9572025298847957,0.8087077496608377,3.3500671141475236
08-04,0.21321530830559876,0.4544692777467193,0.5482760962735772,0.9729790342366084,0.7272956620836839,3.4240326375817927
08-05,0.252373169015339,0.48217196467035667,0.8108134901535414,0.9648238744635698,0.7129386513304273,3.404065107347433
08-06,0.2495259015199514,0.412849010568353,0.8294637045463259,0.9562673976143745,0.712639206587897,3.4917008310680844
08-07,0.25849914684507713,0.34559785133814436,0.7648267394519309,0.9408348613109667,0.7852917885565626,3.427141435656047
08-08,0.2663082896061004,0.3212902818515254,0.6482359282036898,0.9827516430805412,0.7909493689132584,3.114667394058206
08-09,0.27300461185430297,0.34759296877516316,0.7619220400323717,1.0017185414537695,0.7984092828263625,3.1833070364655254
08-10,0.2930906776922493,0.32803411723726256,0.7350799467328487,1.0346861924030148,0.8640461071970782,3.2442980288212437
08-11,0.28334084609429777,0.2958752656993618,0.5691096483051205,1.0998915525324782,0.9244958154918108,3.0909334231445715
08-12,0.29484229654762834,0.3395061577512045,0.8061393498773926,1.097369765378539,0.9636816804171532,2.6591107251526402
08-13,0.2662104136676257,0.388085767751765,0.735912641193254,1.092969532381243,0.979572643179055,2.8949457482954366
08-14,0.27702405977303846,0.44551929404252816,0.6853290942894216,1.1249427912160648,1.034274605918244,2.9519255413492447
08-15,0.29017395250785677,0.4449901459579712,0.8106853414555123,1.0430112456397138,0.9899681935232885,2.8598108195366265
08-16,0.2878292491150333,0.4498671918559675,0.9791150430277842,1.0375621439790137,0.9893658789345644,2.8681974071239926
08-17,0.2930537764914407,0.4654057762155021,1.1588114112667225,1.0130665204996034,0.9804730470354549,2.842073074875639
08-18,0.31787317566272044,0.4416828221134986,1.2575744461723277,1.0187095501852994,1.0247173502058387,3.0012883039577805
08-19,0.3254002671416924,0.4753649962166234,1.3655169682574202,1.0151384923149918,0.9893768226767098,2.985649355317354
08-20,0.32312223041553617,0.5043446062171841,1.3552594903425121,0.9999115780910997,0.9448821922672841,3.020659749822984
08-21,0.35305957830476464,0.5676831905767193,1.3837148329404252,0.9810743059286613,0.90926445307359,3.195026495996884
08-22,0.3470621591261796,0.6236172851581242,1.3974073051581941,1.015020265361044,0.8297617699635458,3.3027787718848214
08-23,0.3187308094526887,0.6579773123726693,1.668820866536017,0.9434673421136445,0.7534697601249786,3.4803850487862107
08-24,0.3124886701624293,0.6643825633988707,1.5040095424672633,0.9181856608031214,0.7690776992612858,3.3361329324760254
08-25,0.29137986420550327,0.6279878144250719,1.520716167116458,0.8752768877254656,0.7835434806609397,3.00674632494029
08-26,0.2741941351716545,0.5856392192974271,1.6045356122784737,0.8224642343553732,0.8656022451871112,3.0864755748243335
08-27,0.2669263548557552,0.5480803677595261,1.4252524933379251,0.8733440483275041,0.8765294130846019,3.1173226111363026
08-28,0.2893840274987176,0.6690458608761102,1.5511098818769453,0.8974666633042532,0.7817351770060176,3.1144841669944334
08-29,0.24362835523444815,0.5032975664785527,1.3321739115489009,0.8632469594595552,0.993253085168515,3.11679799183181
08-30,0.20897595953393278,0.4717951251970622,1.1912702797878394,0.8973178999477729,0.9905299114182343,3.324691417721695
08-31,0.2062927946026481,0.485974735197623,1.1697512634113936,0.9130522646350828,0.9834616404722367,3.3276508604060253
09-01,0.2058968091585429,0.47794408878792743,1.0756425034452035,0.9451935486753426,0.9530179854655568,3.1678368738532554
09-02,0.19032646474007853,0.5384878013525908,1.1155337434790136,0.9769851712903742,0.8950133695529163,3.0927345003505304
09-03,0.16415612032161392,0.5658520267377667,1.1353326758205162,0.9900991116285823,0.8953652705745514,3.1735124443145435
09-04,0.12759603231340527,0.5674983034049939,1.152659813290224,0.9804417919280236,0.8559925019856628,3.2116480373691667
09-05,0.07962568789494047,0.5039343236619644,1.0922997712727522,1.0252371844337793,0.832093067370684,3.1359629760175687
09-06,0.07919893322006644,0.5077088054573968,1.10168331899887,1.0675155470644995,0.8523161864043303,3.105313054892802
09-07,0.08865422982724261,0.4991858513553934,1.2243950718531933,1.0944318043013719,0.8339260342135726,3.219818884567749
09-08,0.08460183412672681,0.4496116152021078,1.2357991323998239,1.118647649424853,0.828904924289343,3.3106098778694464
09-09,0.1187327850049782,0.32344486164744346,0.4586514375920971,1.1559100880655822,0.8682987710595681,4.3545892027082145
09-10,0.10075546193269744,0.3868511756727342,0.47114977941413383,1.1274591431173333,0.872964570351862,4.177376901710644
09-11,0.07814640437366707,0.45875629743734414,0.6679844974720448,1.09873132055645,0.8825411602617207,3.9771555489733226
09-12,0.07835567848296844,0.48975724004777493,0.9014114899222302,1.1346337452677957,0.8785511765236741,3.951403338208617
09-13,0.07721745128405422,0.5147246269282212,0.997667786401719,1.1523142697497142,0.8390512846772692,3.8877907052938436
09-14,0.09271360399094863,0.5490937406532514,1.1916665737236993,1.177500642801017,0.8629813631168908,3.916142988612787
09-15,0.07870150133072616,0.5412543030347644,1.2660222826219785,1.1721059461043233,0.8991359910891468,3.9645047811219087
09-16,0.08314177962288502,0.5307958177972297,1.303916086758353,1.2076535497639913,0.8844161443469738,3.913037819063197
09-17,0.08256301029599593,0.5290944754168379,1.2555194147042514,1.2034649932884607,0.8619280694412923,3.8542000285679645
09-18,0.08712709811196395,0.5335264663697792,1.2813513140787212,1.2247928235964043,0.8930875257312435,3.921066368527397
09-19,0.10745309068983695,0.5440108382751018,1.2948213086912859,1.258019279900283,0.8824402049877577,3.9871177037427974
09-20,0.11849813088675758,0.5960761625613766,1.5810389223514696,1.2567343722678255,0.9258547739245644,4.0126913428337465
09-21,0.12819079013129664,0.5992272011333659,1.5667565360116533,1.2362411788032717,0.8963610930659985,3.938267386233357
09-22,0.10485487794726511,0.5923449063720218,1.478778911576599,1.2267320343626997,0.8994382570346544,3.493268777126591
09-23,0.08590468004894714,0.6377149925630586,1.5493250966653545,1.1731859732242804,0.9354213635528141,3.3454342250564713
09-24,0.10471638691253446,0.7071136501826671,1.7905236627064909,1.1520187458141324,0.9265559700253225,3.1798166416356795
09-25,0.10979476044278834,0.718421831611799,1.7820841335095323,1.1624652785699725,0.9190160198962444,3.195590215976255
09-26,0.09423980063970828,0.6589871558980737,1.6071874614554302,1.1255476597293637,0.934056926985853,3.3454700587163897
09-27,0.08004198369377118,0.6562000992319678,1.473028884639424,1.0965434454802059,0.9742154110188385,3.391762989092858
09-28,0.09848226198592917,0.6753511378039568,1.3834750697281792,1.1065247371186067,0.995144038065133,3.359540588386469
09-29,0.10388444503999172,0.6708212239949937,1.2430212548169344,1.0964530736165534,1.0135698269920397,3.3441974152519056
09-30,0.07781519952262621,0.6540913101860305,1.0709102970485471,1.1076616598679876,0.9780425099623115,3.547702942853639
10-01,0.05813643019573662,0.6868566344723053,0.9981660059468259,1.078939723358645,0.9642949656927708,3.6082127398882866
10-02,0.03825766086884711,0.6927314825681041,0.9280598100832005,1.0820077526450913,0.9756019535020614,3.6963160110146354
10-03,0.008793177256243527,0.6871253782829507,0.9346202808862415,1.0970005869565567,0.9656796403444814,3.5966963408359556
10-04,-0.002166544451598283,0.6491335597120826,0.9278331326416636,1.1274815203363795,0.998023217130833,3.561635945334858
10-05,0.01664992431675053,0.6737226935221671,0.8241031272542284,1.1423047911360376,1.0079153404270795,3.4364903534418274
10-06,0.008561631180337275,0.660226113046537,0.9718683599620312,1.1608630085158114,1.0246338763693328,3.5053862530440605
10-07,-0.036849310946964545,0.7627244377824246,1.3258660828057294,1.1900729513758566,1.0023231298266502,3.337306543178678
10-08,0.15063576744332102,0.6182589205253575,0.8355337514207943,1.1473456724246318,1.0258145105930963,3.60983340550968
10-09,0.011614126981061361,0.6620535701909956,0.8089887527326247,1.1722112854609639,1.0062766689585614,3.328702052477017
10-10,0.0060305957494104345,0.5854236563820326,0.7205349378213801,1.142391987374658,0.9226161466296496,2.920974930502834
10-11,0.006261350232045516,0.6498365997159269,0.9126858848148973,1.1560293941764554,0.9822232349083542,2.770360636731422
10-12,0.09230628509876802,0.7178617653525193,0.8018475503068857,1.1692067874776793,0.9239762481206681,2.725223294309343
10-13,0.04604363298799673,0.7027849650966698,0.8775131493150551,1.1612905522912265,0.9202060766158077,2.5356356203876573
10-14,0.03880149369773784,0.6707953443279996,1.0117633637078396,1.1390433020884565,0.92665218986552,2.3451953005995785
10-15,0.03235422620235019,0.645477518431124,1.1058494755365216,1.1212723826849258,0.8964016654082964,2.192016895740933
10-16,-0.0019494515494477432,0.6156417438163,1.2114740489036655,1.1139349799816614,0.8940099213253314,2.16833400432216
10-17,-0.12973211341866572,0.44299773233813766,1.3062128272034859,1.1176412149287553,0.9855157066996925,2.3875038730526734
10-18,-0.1453394541741264,0.36560115186250763,1.3573256789589079,1.1091877620085242,1.041724214049669,2.5098561295919235
10-19,-0.17657060445339626,0.3486188571011636,1.2993051973809966,1.0819846542899063,0.9933046671620968,2.609346411132183
10-20,-0.17261604044695197,0.29914608614934346,1.2557418586602282,1.0574020045055632,0.9955731478713865,2.68396534339589
10-21,-0.15428052405955558,0.30155902948323776,1.206683281844222,1.0237614014592076,1.0204397697288448,2.710492886656782
10-22,-0.14286881719596872,0.28451006805522705,1.2678675621710724,1.0192271024612651,1.0083413104320862,2.794979710012892
10-23,-0.19605234842761948,0.2624658685319786,1.299361366307447,1.0097783740640498,0.9967240911947232,2.8484102111100755
10-24,-0.21419778442117485,0.27538357377063427,1.3922885037771546,1.021266740710966,1.0031970465463922,2.6417044138211065
10-25,-0.274981315652827,0.3255631837711949,1.4979156412468624,1.046957695013701,0.970482396258177,2.7266235693603553
10-26,-0.31689818021781163,0.2872666032955648,1.4498618263356178,1.0813107807538342,0.9563291353982009,2.7145154599422474
10-27,-0.3355579019256535,0.287250975200887,1.4739365828529443,1.086686674421835,0.9490800146967935,2.8620218739569654
10-28,-0.35706048077635266,0.25142582329668567,1.4015732441321762,1.0993637641618248,0.9959404847246122,2.9852209058927572
10-29,-0.40239639296038504,0.21001495710677004,1.3995670482685505,1.120357845211774,1.0292211296698701,3.0426706951048654
10-30,-0.43504659085870273,0.17288504329780727,1.29009894764302,1.1736308749010451,1.0835815169748788,3.0334620238880317
10-31,-0.4473682173284487,0.12591703425074915,1.1943356089222514,1.205722412966954,1.1097113894163475,3.101622825591996
11-01,-0.48920412951248105,0.13464902520369104,1.4219913178205306,1.2417451889886217,1.1062715986467326,3.059162840157814
11-02,-0.5128543274107985,0.16353339710901382,1.5413613124330954,1.2300950199336538,1.0349756149022933,2.9390199574337874
11-03,-0.5207473824519733,0.1374653880619555,1.5688836879980415,1.2505087223641558,1.0270142172687038,2.8284787739678596
11-04,-0.5557547232074341,0.1056735694910874,1.487858444515368,1.2743182380930307,0.9937365095800784,2.771020506628052
11-05,-0.6101715877724183,0.07231032234879045,1.4343332010326948,1.2719318581246426,0.9378372312890855,2.7483003654268834
11-06,-0.6085551190040693,0.0439613609207795,1.4060746242166882,1.2513166811012757,0.8903500250822866,2.680606915381735
11-07,-0.5691576978547682,0.0024743042546730354,1.3051208093054432,1.2279210137599879,0.8557116960598702,2.8451444526294543
11-08,-0.560469800514991,-0.061165133363813906,1.234790803918008,1.23743992224042,0.8612147902130646,2.9425815224901126
11-09,-0.5310771412704512,-0.08568552336325322,1.236856036625811,1.2187211206533957,0.9179712707171844,2.776460380799963
11-10,-0.5019987677401981,-0.07562019907697805,1.1993022217145664,1.2069504616889037,0.9326548923352689,2.765632904862127
11-11,-0.4762251561147059,-0.08051201764784567,1.1301245972795122,1.2307495568645201,0.906128265247369,2.7349751092799717
11-12,-0.45948963972730866,-0.07696097907585621,1.0052660204635055,1.256797690611697,0.8662586027328333,2.7418811029860684
11-13,-0.4455255519113403,-0.10297184526577197,0.7836931579332134,1.2675565247291447,0.8624037291887419,2.766925968905739
11-14,-0.415104321238229,-0.18053985431283065,0.5974822001648256,1.2622308714856865,0.7819935110234749,2.979611341093519
11-15,-0.3539926143746421,-0.19000310145512758,0.5080617185869143,1.278963134464165,0.754917999491286,3.0600993202939715
11-16,-0.27979519322534097,-0.25369492002599603,0.2369840941518602,1.2635964374285378,0.6964401750873638,3.180344548813592
11-17,-0.22280729588556356,-0.32308673859686404,0.03329218400252023,1.2566350997376723,0.6886877382300044,3.1576281771531125
11-18,-0.1914289223553102,-0.3925214143105891,-0.06239496424205761,1.2716601951863107,0.6540764447209597,3.312016865249101
11-19,-0.17686007263458073,-0.47288942335764755,-0.049067826772349867,1.2751342624545023,0.5817441054466883,3.4522472479204893
11-20,-0.140891222913851,-0.5593812419285153,-0.146407355969309,1.2682118620187768,0.6051535947192975,3.586490003531636
11-21,-0.12675094462169256,-0.5863397271660499,-0.2575230756424583,1.2953064372239582,0.6028812889020322,3.6511365815971266
11-22,-0.11098685680572475,-0.6351982124035842,-0.24173879531560782,1.317483019672054,0.6596841996985323,3.7319692867698424
11-23,-0.07167038803737576,-0.6486138404982613,-0.23502118165542377,1.328118240838333,0.7172819300560654,3.874750962061628
11-24,-0.033339633554740775,-0.6858104209738914,-0.24275594894762093,1.36735284146197,0.7622551080066838,3.995011089731448
11-25,-0.009775545738772595,-0.7505593824019027,-0.3144240495731513,1.3927245933557046,0.798568438845453,3.959979624713652
11-26,-0.027316219827567347,-0.8315512009727707,-0.34263500734153857,1.4161338876018474,0.8383165435432646,3.964379953364101
11-27,0.0028335822741143274,-0.8722906385912579,-0.28565548891944975,1.4175201967421296,0.8138931955658942,4.023502908499937
11-28,0.014650051042462562,-0.8270253143049828,-0.08133787525926586,1.4374737849578778,0.8149575799424806,3.9351863738943123
11-29,0.0144569960012869,-0.7432885614472793,0.11043211935329918,1.4121103249259006,0.819190866613076,3.848018555858339
11-30,-0.02598367808750698,-0.7717232371610042,0.10048306634681627,1.3716643792328693,0.8385637194562428,3.966181220796721
12-01,-0.05540530455725268,-0.7395579128747292,0.1988054419117622,1.3659975457418438,0.897611586911211,3.957598963560858
12-02,-0.051907883407951126,-0.7047830647789304,0.21320876985766027,1.4001310416119983,0.9886836852949965,4.17776680406599
12-03,-0.021210462258650007,-0.6581891690640843,0.3303692406607013,1.3718877631806017,0.9607979163932994,4.237421045912955
12-04,-0.011203517299824035,-0.5769286066825714,0.325591616225647,1.3194963848322396,0.9686918369216396,4.306665616954654
12-05,-0.03004895329338018,-0.5257347109677253,0.45121875369535486,1.3082858512303577,0.9860993078918985,4.210898182438263
12-06,-0.043442008334555915,-0.518850339062403,0.568122081641253,1.2875951800484078,0.9737208635871909,4.134010579808792
12-07,-0.048754110994779366,-0.4918183481094617,0.6492016000633417,1.2749223578220519,0.9219358050822434,4.0728223798387475
12-08,-0.07919478508357351,-0.48642445239461546,0.7164858803901922,1.2304651914713622,0.8709655901853939,4.034443780479114
12-09,-0.08113069726760583,-0.48385436620357847,0.7425034940503764,1.1934604434140017,0.8469004475350905,4.09192194804971
12-10,-0.0718951808802091,-0.46142713715539857,0.8114782505677027,1.1539286168202365,0.8760580994547998,4.150974639248919
12-11,-0.06308347401662155,-0.4313713366786476,0.8730291975612198,1.1520890886747974,0.9391831383691113,4.129239604686205
12-12,-0.0678003385816059,-0.4171917266780865,0.9326896683642607,1.1566905055874954,0.9687734471165117,4.068540654072189
12-13,0.043332048295996496,-0.46033044049493593,1.2293002934395447,1.144228672850697,1.0284860802460625,4.133949380704509
12-14,0.04572067823650689,-0.47151493305847814,1.342314610396432,1.1378929066059815,1.0468254415099485,4.113645017198325
12-15,0.056129820997529785,-0.4608891692117638,1.4265135427379343,1.1169223866800821,1.0777607514439587,3.8673562461582365
12-16,0.02790306632265495,-0.47842237972402396,1.4484355520025143,1.1099856628963238,1.1087848684491703,3.7487344281608093
12-17,-0.031857021685553516,-0.4605658466465406,1.6613985869081191,1.071840097599828,1.1263238847637598,3.428723032780219
12-18,-0.06827864815530026,-0.4368067494664926,1.6757616218137246,1.0730217866898888,1.1634669684021295,3.199808095291622
12-19,-0.10167976180453421,-0.4841707292095216,1.7730015797962524,1.0756064200886268,1.1516054436261576,2.924878215424928
12-20,-0.20034348948565597,-0.4695779850072159,1.5317527231965917,1.087082181815305,1.1033495786485041,2.992575298576622
12-21,-0.24823178262206838,-0.4591745654828454,1.508137003523442,1.084380043626124,1.1205197187817422,3.0231842565735825
12-22,-0.24689583584161262,-0.4912770904278778,1.2308617369315042,1.1236665692492156,1.1960617062870056,2.9362093011097112
12-23,-0.2553020776959741,-0.4982308137606507,1.196701694914032,1.1113167494815717,1.1827322875376196,2.8354354403683013
12-24,-0.32218524262725867,-0.47525120376009033,1.2983108836657915,1.1022941309114203,1.2278309791952975,2.7714354349032573
12-25,-0.39627353576367186,-0.4597895424774786,1.3018021236996018,1.1224486396367457,1.2338588384155122,2.6516014062716744
12-26,-0.4488337455466426,-0.3569416579134441,1.2375926920054343,1.188501740595673,1.0796535077375906,2.4516259960608644
12-27,-0.4897388276169336,-0.42249813478387743,1.0999621845271326,1.146502967258976,1.1868095893838442,2.5080430912507192
12-28,-0.5073296848559111,-0.4678518581166499,1.0580226553301737,1.207069834343978,1.1883622354595191,2.3437277427059002
12-29,-0.5365359267102726,-0.5066004532442945,0.9318369722870605,1.2875652673612021,1.1064521224560573,2.329396774808488
12-30,-0.5251011429236091,-0.5577182791411696,0.8648256482183068,1.3349439360647535,1.0204291501792495,2.4188107370470755
12-31,-0.6073854605925545,-0.6420832205858394,1.0396473590096529,1.39709314245194,0.9787369594662207,2.527712253630344
