"DateTime","Water Equivalent Thickness – Land (GRACE, GRACE-FO JPL)"
"2002-04-17 12:00:00",105.77306791649892
"2002-05-10 12:00:00",107.33470543728899
"2002-08-16 12:00:00",78.91831149788332
"2002-09-16 00:00:00",78.88544499383998
"2002-10-16 12:00:00",81.8069867591722
"2002-11-16 00:00:00",81.04084193216396
"2002-12-16 12:00:00",81.74584576742483
"2003-01-16 12:00:00",82.55825399117303
"2003-02-15 00:00:00",80.02114776776862
"2003-03-16 12:00:00",80.3512950602336
"2003-04-16 00:00:00",80.6403022284968
"2003-05-11 12:00:00",83.47144050406051
"2003-07-16 12:00:00",59.857204208837274
"2003-08-16 12:00:00",52.789919194520834
"2003-09-16 00:00:00",48.82135396519435
"2003-10-16 00:00:00",50.91118462452424
"2003-11-16 00:00:00",52.43286194162202
"2003-12-16 12:00:00",57.894023774878505
"2004-01-07 12:00:00",58.872892114089254
"2004-02-17 00:00:00",54.30684633994234
"2004-03-16 12:00:00",56.0811452816589
"2004-04-16 00:00:00",65.48681983606649
"2004-05-16 12:00:00",59.362741085456136
"2004-06-16 00:00:00",55.94410897673798
"2004-07-16 12:00:00",48.07637150281799
"2004-08-16 12:00:00",37.906640522868756
"2004-09-16 00:00:00",33.01552704417837
"2004-10-16 12:00:00",28.487327261583328
"2004-11-16 00:00:00",39.50376723030341
"2004-12-16 12:00:00",45.89211493612957
"2005-01-16 12:00:00",42.77310424739254
"2005-02-15 00:00:00",48.479915211663965
"2005-03-16 12:00:00",58.08964563788604
"2005-04-16 00:00:00",55.34025731006396
"2005-05-16 12:00:00",58.930628775374416
"2005-06-16 00:00:00",54.10885386051369
"2005-07-16 12:00:00",47.40755063550306
"2005-08-16 12:00:00",30.175297601835254
"2005-09-16 00:00:00",24.46027738669646
"2005-10-16 12:00:00",28.33189171993864
"2005-11-16 00:00:00",30.470638842077374
"2005-12-16 12:00:00",35.81720275500549
"2006-01-16 12:00:00",34.949037593544844
"2006-02-15 00:00:00",36.72754054026437
"2006-03-16 12:00:00",35.766272899450186
"2006-04-16 00:00:00",35.83363795907927
"2006-05-16 12:00:00",35.11492124268544
"2006-06-16 00:00:00",37.51667913863194
"2006-07-16 12:00:00",30.91261403517557
"2006-08-16 12:00:00",17.371228675113443
"2006-09-16 00:00:00",11.532010550366167
"2006-10-16 12:00:00",11.740233544947031
"2006-11-16 00:00:00",8.957638439477805
"2006-12-16 12:00:00",12.651784351782327
"2007-01-16 12:00:00",14.349901483149651
"2007-02-15 00:00:00",15.348165436403276
"2007-03-16 12:00:00",11.136033450008753
"2007-04-16 00:00:00",9.450560611428145
"2007-05-16 12:00:00",9.672676023782612
"2007-06-16 00:00:00",5.274343444721225
"2007-07-16 12:00:00",-7.284883380180773
"2007-08-16 12:00:00",-28.06798360754046
"2007-09-16 00:00:00",-31.907391552126587
"2007-10-16 12:00:00",-33.56078203000369
"2007-11-16 00:00:00",-30.301515372248915
"2007-12-16 12:00:00",-25.910828188306272
"2008-01-16 12:00:00",-24.476007382629987
"2008-02-15 12:00:00",-29.593164634204083
"2008-03-16 12:00:00",-25.177914483251598
"2008-04-16 00:00:00",-28.912275163235694
"2008-05-16 12:00:00",-31.114655618334734
"2008-06-16 00:00:00",-34.56160520274433
"2008-07-16 12:00:00",-43.62169264048579
"2008-08-16 12:00:00",-57.39377670515105
"2008-09-16 00:00:00",-61.363017572101754
"2008-10-16 12:00:00",-62.41333613452743
"2008-11-16 00:00:00",-47.60739661958077
"2008-12-16 12:00:00",-41.2773015087122
"2009-01-16 12:00:00",-42.220243004628074
"2009-02-15 00:00:00",-49.174752293573775
"2009-03-16 12:00:00",-52.13185152060476
"2009-04-16 00:00:00",-55.44861596765703
"2009-05-16 12:00:00",-55.01618591161686
"2009-06-16 00:00:00",-60.62470883690994
"2009-07-16 12:00:00",-67.31443047687654
"2009-08-16 12:00:00",-88.14714274393636
"2009-09-16 00:00:00",-95.88556118985879
"2009-10-16 12:00:00",-88.57962907502669
"2009-11-16 00:00:00",-85.58619179507959
"2009-12-16 12:00:00",-86.9520049246611
"2010-01-16 12:00:00",-87.90565540293473
"2010-02-15 00:00:00",-86.04527701834458
"2010-03-16 12:00:00",-86.20383048733937
"2010-04-16 00:00:00",-85.67997974181789
"2010-05-16 12:00:00",-85.15693749511856
"2010-06-16 00:00:00",-99.5184984302731
"2010-07-16 12:00:00",-116.43882358750568
"2010-08-16 12:00:00",-136.70650688303874
"2010-09-16 00:00:00",-145.6101371490048
"2010-10-16 12:00:00",-144.40421550838516
"2010-11-16 00:00:00",-146.89116744628416
"2010-12-14 12:00:00",-145.51242301171885
"2011-02-18 12:00:00",-138.5031004783349
"2011-03-16 12:00:00",-140.20532404748963
"2011-04-16 00:00:00",-136.87221910735832
"2011-05-16 12:00:00",-147.91843262991176
"2011-07-18 12:00:00",-168.53924616543816
"2011-08-16 12:00:00",-193.4370903496282
"2011-09-16 00:00:00",-198.95884587360786
"2011-10-16 12:00:00",-202.00130301458998
"2011-11-01 12:00:00",-201.7205740038888
"2012-01-01 00:00:00",-194.76275283588333
"2012-01-16 12:00:00",-196.88203033549948
"2012-02-15 12:00:00",-198.81077466277645
"2012-03-16 12:00:00",-198.26437407477067
"2012-04-04 12:00:00",-196.47950157268212
"2012-06-16 00:00:00",-199.3409333799617
"2012-07-16 12:00:00",-224.76642482845355
"2012-08-16 12:00:00",-250.8727686603205
"2012-09-13 00:00:00",-263.2118871000247
"2012-11-18 12:00:00",-253.92076892523335
"2012-12-16 12:00:00",-251.07903233288096
"2013-01-16 12:00:00",-254.13323445363207
"2013-02-14 00:00:00",-259.3840079654591
"2013-04-21 00:00:00",-263.68822777761386
"2013-05-16 12:00:00",-260.8562619809644
"2013-06-16 00:00:00",-258.940476683213
"2013-07-16 12:00:00",-273.4658052858548
"2013-10-16 12:00:00",-287.703154594882
"2013-11-16 00:00:00",-282.2249723908143
"2013-12-16 12:00:00",-280.66354626534746
"2014-01-09 12:00:00",-283.8600263905363
"2014-03-16 12:00:00",-292.202254989429
"2014-04-16 00:00:00",-292.69382254896925
"2014-05-16 12:00:00",-291.4453718599515
"2014-06-13 00:00:00",-296.727293179615
"2014-08-16 12:00:00",-330.59195046989487
"2014-09-16 00:00:00",-329.95513764886425
"2014-10-16 12:00:00",-327.77372626332806
"2014-11-17 00:00:00",-330.4248143967824
"2015-01-22 12:00:00",-327.61935266224907
"2015-02-15 00:00:00",-325.96388033150004
"2015-03-16 12:00:00",-328.32521827636526
"2015-04-16 00:00:00",-330.4812435817556
"2015-04-27 00:00:00",-332.2814993050532
"2015-07-15 12:00:00",-348.71684345720575
"2015-08-16 12:00:00",-356.8360015910702
"2015-09-14 12:00:00",-362.3172816496925
"2015-12-23 12:00:00",-350.8515399855213
"2016-01-16 12:00:00",-351.95820036648075
"2016-02-14 00:00:00",-360.15650630114845
"2016-03-16 12:00:00",-363.0847485151725
"2016-05-20 00:00:00",-362.3539946165519
"2016-06-16 00:00:00",-358.0793069165782
"2016-07-15 12:00:00",-374.3606681388454
"2016-08-21 12:00:00",-404.4770307925181
"2016-11-27 12:00:00",-392.5038593423204
"2016-12-24 12:00:00",-399.9619140338735
"2017-01-21 00:00:00",-396.97670369712876
"2017-03-31 12:00:00",-400.9902891975479
"2017-04-24 12:00:00",-399.8582287442522
"2017-05-12 12:00:00",-396.41992113856844
"2017-06-11 00:00:00",-399.2895585980849
"2018-06-16 00:00:00",-403.6339863699513
"2018-07-10 00:00:00",-405.703638115211
"2018-10-31 12:00:00",-424.83550779639046
"2018-11-16 00:00:00",-417.313313872798
"2018-12-16 12:00:00",-416.245089189394
"2019-01-16 12:00:00",-413.17426446197794
"2019-02-14 00:00:00",-417.07660635678343
"2019-03-16 12:00:00",-421.0055937629776
"2019-04-16 00:00:00",-424.79524189351366
"2019-05-16 12:00:00",-423.75966268895434
"2019-06-16 00:00:00",-432.77341170726584
"2019-07-16 12:00:00",-447.2832504224615
"2019-08-16 12:00:00",-475.90976501373814
"2019-09-16 00:00:00",-486.5654164117412
"2019-10-16 12:00:00",-486.453083553596
"2019-11-16 00:00:00",-480.55368200807135
"2019-12-16 12:00:00",-481.6275267910795
"2020-01-16 12:00:00",-485.64981718478964
"2020-02-15 12:00:00",-486.4292370018201
"2020-03-16 12:00:00",-486.28030738352106
"2020-04-16 00:00:00",-480.38198742388056
"2020-05-16 12:00:00",-479.0454750966863
"2020-06-16 00:00:00",-480.42448493955897
"2020-07-16 12:00:00",-491.00997840730713
"2020-08-16 12:00:00",-496.294728824182
"2020-09-16 00:00:00",-495.09068649379776
"2020-10-16 12:00:00",-488.4157743689255
"2020-11-16 00:00:00",-485.24987425027655
"2020-12-16 12:00:00",-490.26504545776413
"2021-01-16 12:00:00",-484.6351270314888
"2021-02-15 00:00:00",-485.79935131339596
"2021-03-16 12:00:00",-485.93573913840817
"2021-04-16 00:00:00",-475.86339238403605
"2021-05-16 12:00:00",-482.44277578709887
"2021-06-16 00:00:00",-488.48979395000504
"2021-07-16 12:00:00",-485.9195399817662
"2021-08-16 12:00:00",-497.5728480455117
"2021-09-16 00:00:00",-499.1354670312839
"2021-10-16 12:00:00",-501.5359702196555
"2021-11-16 00:00:00",-502.60652376083897
"2021-12-16 12:00:00",-496.92244147626917
"2022-01-16 12:00:00",-494.08029846219586
"2022-02-15 00:00:00",-492.9159489360289
"2022-03-16 12:00:00",-495.55619377760456
"2022-04-16 00:00:00",-500.86496221391724
"2022-05-16 12:00:00",-495.4046036538319
"2022-06-16 00:00:00",-494.46979154018925
"2022-07-16 12:00:00",-499.85286187498133
"2022-08-16 12:00:00",-508.7261542317109
"2022-09-16 00:00:00",-512.4931776609855
"2022-10-16 12:00:00",-506.739212670608
"2022-11-16 00:00:00",-488.9654372718768
"2022-12-16 12:00:00",-488.78189913301037
"2023-01-16 12:00:00",-493.25126018492745
"2023-02-15 00:00:00",-492.07261162368826
"2023-03-16 12:00:00",-492.9736459043459
"2023-04-16 00:00:00",-494.5481379267411
"2023-05-16 12:00:00",-490.03657692043345
"2023-06-16 00:00:00",-478.6851241227822
"2023-07-16 12:00:00",-477.195308164938
"2023-08-16 12:00:00",-496.41147237388657
"2023-09-16 00:00:00",-496.0423339244561
"2023-10-16 12:00:00",-491.2510191586452
"2023-11-16 00:00:00",-489.4400213447051
"2023-12-16 12:00:00",-489.9751576718525
"2024-01-16 12:00:00",-490.6069904950099
"2024-02-15 12:00:00",-482.2543886390166
"2024-03-16 12:00:00",-478.94785864023737
"2024-04-16 00:00:00",-484.653134101315
"2024-05-16 12:00:00",-489.24518302945654
"2024-06-16 00:00:00",-480.4900437977748
"2024-07-16 12:00:00",-486.194009260519
"2024-08-16 12:00:00",-493.2582266864018
"2024-09-16 00:00:00",-488.8544428434805
"2024-10-16 12:00:00",-493.6758931365447
"2024-11-16 00:00:00",-493.18995706109575
"2024-12-16 12:00:00",-489.87215703098343
"2025-01-16 12:00:00",-486.7677352812724
"2025-02-15 00:00:00",-485.04922945915035
"2025-03-16 12:00:00",-487.7742857423262
"2025-04-16 00:00:00",-491.0099223491387
"2025-05-16 12:00:00",-486.9004474666552
"2025-06-16 12:00:00",-486.4532434728579